"ONTOLOGY","ID","Description","GeneRatio_num","GeneRatio_den","BgRatio_num","BgRatio_den","RichFactor","FoldEnrichment","zScore","pvalue","p.adjust","qvalue","EntrezID","Count","GeneRatio_val","BgRatio_val"
"MF","GO:0016740","transferase activity",56,352,67,601,0.835820895522388,1.42706919945726,4.40567348231631,3.60883659970788e-06,0.00061350222195034,0.000486243247118536,"5592",56,0.159090909090909,0.111480865224626
"MF","GO:0016740","transferase activity",56,352,67,601,0.835820895522388,1.42706919945726,4.40567348231631,3.60883659970788e-06,0.00061350222195034,0.000486243247118536,"2321",56,0.159090909090909,0.111480865224626
"MF","GO:0016740","transferase activity",56,352,67,601,0.835820895522388,1.42706919945726,4.40567348231631,3.60883659970788e-06,0.00061350222195034,0.000486243247118536,"1740",56,0.159090909090909,0.111480865224626
"MF","GO:0016740","transferase activity",56,352,67,601,0.835820895522388,1.42706919945726,4.40567348231631,3.60883659970788e-06,0.00061350222195034,0.000486243247118536,"2122",56,0.159090909090909,0.111480865224626
"MF","GO:0016740","transferase activity",56,352,67,601,0.835820895522388,1.42706919945726,4.40567348231631,3.60883659970788e-06,0.00061350222195034,0.000486243247118536,"64754",56,0.159090909090909,0.111480865224626
"MF","GO:0016740","transferase activity",56,352,67,601,0.835820895522388,1.42706919945726,4.40567348231631,3.60883659970788e-06,0.00061350222195034,0.000486243247118536,"2066",56,0.159090909090909,0.111480865224626
"MF","GO:0016740","transferase activity",56,352,67,601,0.835820895522388,1.42706919945726,4.40567348231631,3.60883659970788e-06,0.00061350222195034,0.000486243247118536,"241",56,0.159090909090909,0.111480865224626
"MF","GO:0016740","transferase activity",56,352,67,601,0.835820895522388,1.42706919945726,4.40567348231631,3.60883659970788e-06,0.00061350222195034,0.000486243247118536,"5218",56,0.159090909090909,0.111480865224626
"MF","GO:0016740","transferase activity",56,352,67,601,0.835820895522388,1.42706919945726,4.40567348231631,3.60883659970788e-06,0.00061350222195034,0.000486243247118536,"120892",56,0.159090909090909,0.111480865224626
"MF","GO:0016740","transferase activity",56,352,67,601,0.835820895522388,1.42706919945726,4.40567348231631,3.60883659970788e-06,0.00061350222195034,0.000486243247118536,"5583",56,0.159090909090909,0.111480865224626
"MF","GO:0016740","transferase activity",56,352,67,601,0.835820895522388,1.42706919945726,4.40567348231631,3.60883659970788e-06,0.00061350222195034,0.000486243247118536,"4249",56,0.159090909090909,0.111480865224626
"MF","GO:0016740","transferase activity",56,352,67,601,0.835820895522388,1.42706919945726,4.40567348231631,3.60883659970788e-06,0.00061350222195034,0.000486243247118536,"814",56,0.159090909090909,0.111480865224626
"MF","GO:0016740","transferase activity",56,352,67,601,0.835820895522388,1.42706919945726,4.40567348231631,3.60883659970788e-06,0.00061350222195034,0.000486243247118536,"23043",56,0.159090909090909,0.111480865224626
"MF","GO:0016740","transferase activity",56,352,67,601,0.835820895522388,1.42706919945726,4.40567348231631,3.60883659970788e-06,0.00061350222195034,0.000486243247118536,"260425",56,0.159090909090909,0.111480865224626
"MF","GO:0016740","transferase activity",56,352,67,601,0.835820895522388,1.42706919945726,4.40567348231631,3.60883659970788e-06,0.00061350222195034,0.000486243247118536,"1956",56,0.159090909090909,0.111480865224626
"MF","GO:0016740","transferase activity",56,352,67,601,0.835820895522388,1.42706919945726,4.40567348231631,3.60883659970788e-06,0.00061350222195034,0.000486243247118536,"868",56,0.159090909090909,0.111480865224626
"MF","GO:0016740","transferase activity",56,352,67,601,0.835820895522388,1.42706919945726,4.40567348231631,3.60883659970788e-06,0.00061350222195034,0.000486243247118536,"57118",56,0.159090909090909,0.111480865224626
"MF","GO:0016740","transferase activity",56,352,67,601,0.835820895522388,1.42706919945726,4.40567348231631,3.60883659970788e-06,0.00061350222195034,0.000486243247118536,"7325",56,0.159090909090909,0.111480865224626
"MF","GO:0016740","transferase activity",56,352,67,601,0.835820895522388,1.42706919945726,4.40567348231631,3.60883659970788e-06,0.00061350222195034,0.000486243247118536,"2241",56,0.159090909090909,0.111480865224626
"MF","GO:0016740","transferase activity",56,352,67,601,0.835820895522388,1.42706919945726,4.40567348231631,3.60883659970788e-06,0.00061350222195034,0.000486243247118536,"55589",56,0.159090909090909,0.111480865224626
"MF","GO:0016740","transferase activity",56,352,67,601,0.835820895522388,1.42706919945726,4.40567348231631,3.60883659970788e-06,0.00061350222195034,0.000486243247118536,"5579",56,0.159090909090909,0.111480865224626
"MF","GO:0016740","transferase activity",56,352,67,601,0.835820895522388,1.42706919945726,4.40567348231631,3.60883659970788e-06,0.00061350222195034,0.000486243247118536,"3643",56,0.159090909090909,0.111480865224626
"MF","GO:0016740","transferase activity",56,352,67,601,0.835820895522388,1.42706919945726,4.40567348231631,3.60883659970788e-06,0.00061350222195034,0.000486243247118536,"2534",56,0.159090909090909,0.111480865224626
"MF","GO:0016740","transferase activity",56,352,67,601,0.835820895522388,1.42706919945726,4.40567348231631,3.60883659970788e-06,0.00061350222195034,0.000486243247118536,"54986",56,0.159090909090909,0.111480865224626
"MF","GO:0016740","transferase activity",56,352,67,601,0.835820895522388,1.42706919945726,4.40567348231631,3.60883659970788e-06,0.00061350222195034,0.000486243247118536,"2632",56,0.159090909090909,0.111480865224626
"MF","GO:0016740","transferase activity",56,352,67,601,0.835820895522388,1.42706919945726,4.40567348231631,3.60883659970788e-06,0.00061350222195034,0.000486243247118536,"83857",56,0.159090909090909,0.111480865224626
"MF","GO:0016740","transferase activity",56,352,67,601,0.835820895522388,1.42706919945726,4.40567348231631,3.60883659970788e-06,0.00061350222195034,0.000486243247118536,"5578",56,0.159090909090909,0.111480865224626
"MF","GO:0016740","transferase activity",56,352,67,601,0.835820895522388,1.42706919945726,4.40567348231631,3.60883659970788e-06,0.00061350222195034,0.000486243247118536,"3720",56,0.159090909090909,0.111480865224626
"MF","GO:0016740","transferase activity",56,352,67,601,0.835820895522388,1.42706919945726,4.40567348231631,3.60883659970788e-06,0.00061350222195034,0.000486243247118536,"253782",56,0.159090909090909,0.111480865224626
"MF","GO:0016740","transferase activity",56,352,67,601,0.835820895522388,1.42706919945726,4.40567348231631,3.60883659970788e-06,0.00061350222195034,0.000486243247118536,"6480",56,0.159090909090909,0.111480865224626
"MF","GO:0016740","transferase activity",56,352,67,601,0.835820895522388,1.42706919945726,4.40567348231631,3.60883659970788e-06,0.00061350222195034,0.000486243247118536,"8202",56,0.159090909090909,0.111480865224626
"MF","GO:0016740","transferase activity",56,352,67,601,0.835820895522388,1.42706919945726,4.40567348231631,3.60883659970788e-06,0.00061350222195034,0.000486243247118536,"23327",56,0.159090909090909,0.111480865224626
"MF","GO:0016740","transferase activity",56,352,67,601,0.835820895522388,1.42706919945726,4.40567348231631,3.60883659970788e-06,0.00061350222195034,0.000486243247118536,"79068",56,0.159090909090909,0.111480865224626
"MF","GO:0016740","transferase activity",56,352,67,601,0.835820895522388,1.42706919945726,4.40567348231631,3.60883659970788e-06,0.00061350222195034,0.000486243247118536,"7150",56,0.159090909090909,0.111480865224626
"MF","GO:0016740","transferase activity",56,352,67,601,0.835820895522388,1.42706919945726,4.40567348231631,3.60883659970788e-06,0.00061350222195034,0.000486243247118536,"50515",56,0.159090909090909,0.111480865224626
"MF","GO:0016740","transferase activity",56,352,67,601,0.835820895522388,1.42706919945726,4.40567348231631,3.60883659970788e-06,0.00061350222195034,0.000486243247118536,"26118",56,0.159090909090909,0.111480865224626
"MF","GO:0016740","transferase activity",56,352,67,601,0.835820895522388,1.42706919945726,4.40567348231631,3.60883659970788e-06,0.00061350222195034,0.000486243247118536,"166929",56,0.159090909090909,0.111480865224626
"MF","GO:0016740","transferase activity",56,352,67,601,0.835820895522388,1.42706919945726,4.40567348231631,3.60883659970788e-06,0.00061350222195034,0.000486243247118536,"54947",56,0.159090909090909,0.111480865224626
"MF","GO:0016740","transferase activity",56,352,67,601,0.835820895522388,1.42706919945726,4.40567348231631,3.60883659970788e-06,0.00061350222195034,0.000486243247118536,"79668",56,0.159090909090909,0.111480865224626
"MF","GO:0016740","transferase activity",56,352,67,601,0.835820895522388,1.42706919945726,4.40567348231631,3.60883659970788e-06,0.00061350222195034,0.000486243247118536,"2131",56,0.159090909090909,0.111480865224626
"MF","GO:0016740","transferase activity",56,352,67,601,0.835820895522388,1.42706919945726,4.40567348231631,3.60883659970788e-06,0.00061350222195034,0.000486243247118536,"659",56,0.159090909090909,0.111480865224626
"MF","GO:0016740","transferase activity",56,352,67,601,0.835820895522388,1.42706919945726,4.40567348231631,3.60883659970788e-06,0.00061350222195034,0.000486243247118536,"57551",56,0.159090909090909,0.111480865224626
"MF","GO:0016740","transferase activity",56,352,67,601,0.835820895522388,1.42706919945726,4.40567348231631,3.60883659970788e-06,0.00061350222195034,0.000486243247118536,"84433",56,0.159090909090909,0.111480865224626
"MF","GO:0016740","transferase activity",56,352,67,601,0.835820895522388,1.42706919945726,4.40567348231631,3.60883659970788e-06,0.00061350222195034,0.000486243247118536,"57534",56,0.159090909090909,0.111480865224626
"MF","GO:0016740","transferase activity",56,352,67,601,0.835820895522388,1.42706919945726,4.40567348231631,3.60883659970788e-06,0.00061350222195034,0.000486243247118536,"6303",56,0.159090909090909,0.111480865224626
"MF","GO:0016740","transferase activity",56,352,67,601,0.835820895522388,1.42706919945726,4.40567348231631,3.60883659970788e-06,0.00061350222195034,0.000486243247118536,"83539",56,0.159090909090909,0.111480865224626
"MF","GO:0016740","transferase activity",56,352,67,601,0.835820895522388,1.42706919945726,4.40567348231631,3.60883659970788e-06,0.00061350222195034,0.000486243247118536,"4008",56,0.159090909090909,0.111480865224626
"MF","GO:0016740","transferase activity",56,352,67,601,0.835820895522388,1.42706919945726,4.40567348231631,3.60883659970788e-06,0.00061350222195034,0.000486243247118536,"10135",56,0.159090909090909,0.111480865224626
"MF","GO:0016740","transferase activity",56,352,67,601,0.835820895522388,1.42706919945726,4.40567348231631,3.60883659970788e-06,0.00061350222195034,0.000486243247118536,"3815",56,0.159090909090909,0.111480865224626
"MF","GO:0016740","transferase activity",56,352,67,601,0.835820895522388,1.42706919945726,4.40567348231631,3.60883659970788e-06,0.00061350222195034,0.000486243247118536,"4297",56,0.159090909090909,0.111480865224626
"MF","GO:0016740","transferase activity",56,352,67,601,0.835820895522388,1.42706919945726,4.40567348231631,3.60883659970788e-06,0.00061350222195034,0.000486243247118536,"2202",56,0.159090909090909,0.111480865224626
"MF","GO:0016740","transferase activity",56,352,67,601,0.835820895522388,1.42706919945726,4.40567348231631,3.60883659970788e-06,0.00061350222195034,0.000486243247118536,"6098",56,0.159090909090909,0.111480865224626
"MF","GO:0016740","transferase activity",56,352,67,601,0.835820895522388,1.42706919945726,4.40567348231631,3.60883659970788e-06,0.00061350222195034,0.000486243247118536,"8503",56,0.159090909090909,0.111480865224626
"MF","GO:0016740","transferase activity",56,352,67,601,0.835820895522388,1.42706919945726,4.40567348231631,3.60883659970788e-06,0.00061350222195034,0.000486243247118536,"6348",56,0.159090909090909,0.111480865224626
"MF","GO:0016740","transferase activity",56,352,67,601,0.835820895522388,1.42706919945726,4.40567348231631,3.60883659970788e-06,0.00061350222195034,0.000486243247118536,"255488",56,0.159090909090909,0.111480865224626
"MF","GO:0016740","transferase activity",56,352,67,601,0.835820895522388,1.42706919945726,4.40567348231631,3.60883659970788e-06,0.00061350222195034,0.000486243247118536,"51232",56,0.159090909090909,0.111480865224626
"MF","GO:0030554","adenyl nucleotide binding",48,352,59,601,0.813559322033898,1.38906009244992,3.73843928336986,8.85068510351494e-05,0.00300923293519508,0.00238502672263139,"9223",48,0.136363636363636,0.0981697171381032
"MF","GO:0030554","adenyl nucleotide binding",48,352,59,601,0.813559322033898,1.38906009244992,3.73843928336986,8.85068510351494e-05,0.00300923293519508,0.00238502672263139,"861",48,0.136363636363636,0.0981697171381032
"MF","GO:0030554","adenyl nucleotide binding",48,352,59,601,0.813559322033898,1.38906009244992,3.73843928336986,8.85068510351494e-05,0.00300923293519508,0.00238502672263139,"5592",48,0.136363636363636,0.0981697171381032
"MF","GO:0030554","adenyl nucleotide binding",48,352,59,601,0.813559322033898,1.38906009244992,3.73843928336986,8.85068510351494e-05,0.00300923293519508,0.00238502672263139,"2321",48,0.136363636363636,0.0981697171381032
"MF","GO:0030554","adenyl nucleotide binding",48,352,59,601,0.813559322033898,1.38906009244992,3.73843928336986,8.85068510351494e-05,0.00300923293519508,0.00238502672263139,"9693",48,0.136363636363636,0.0981697171381032
"MF","GO:0030554","adenyl nucleotide binding",48,352,59,601,0.813559322033898,1.38906009244992,3.73843928336986,8.85068510351494e-05,0.00300923293519508,0.00238502672263139,"5144",48,0.136363636363636,0.0981697171381032
"MF","GO:0030554","adenyl nucleotide binding",48,352,59,601,0.813559322033898,1.38906009244992,3.73843928336986,8.85068510351494e-05,0.00300923293519508,0.00238502672263139,"2066",48,0.136363636363636,0.0981697171381032
"MF","GO:0030554","adenyl nucleotide binding",48,352,59,601,0.813559322033898,1.38906009244992,3.73843928336986,8.85068510351494e-05,0.00300923293519508,0.00238502672263139,"89795",48,0.136363636363636,0.0981697171381032
"MF","GO:0030554","adenyl nucleotide binding",48,352,59,601,0.813559322033898,1.38906009244992,3.73843928336986,8.85068510351494e-05,0.00300923293519508,0.00238502672263139,"10846",48,0.136363636363636,0.0981697171381032
"MF","GO:0030554","adenyl nucleotide binding",48,352,59,601,0.813559322033898,1.38906009244992,3.73843928336986,8.85068510351494e-05,0.00300923293519508,0.00238502672263139,"5218",48,0.136363636363636,0.0981697171381032
"MF","GO:0030554","adenyl nucleotide binding",48,352,59,601,0.813559322033898,1.38906009244992,3.73843928336986,8.85068510351494e-05,0.00300923293519508,0.00238502672263139,"120892",48,0.136363636363636,0.0981697171381032
"MF","GO:0030554","adenyl nucleotide binding",48,352,59,601,0.813559322033898,1.38906009244992,3.73843928336986,8.85068510351494e-05,0.00300923293519508,0.00238502672263139,"5583",48,0.136363636363636,0.0981697171381032
"MF","GO:0030554","adenyl nucleotide binding",48,352,59,601,0.813559322033898,1.38906009244992,3.73843928336986,8.85068510351494e-05,0.00300923293519508,0.00238502672263139,"201625",48,0.136363636363636,0.0981697171381032
"MF","GO:0030554","adenyl nucleotide binding",48,352,59,601,0.813559322033898,1.38906009244992,3.73843928336986,8.85068510351494e-05,0.00300923293519508,0.00238502672263139,"2762",48,0.136363636363636,0.0981697171381032
"MF","GO:0030554","adenyl nucleotide binding",48,352,59,601,0.813559322033898,1.38906009244992,3.73843928336986,8.85068510351494e-05,0.00300923293519508,0.00238502672263139,"814",48,0.136363636363636,0.0981697171381032
"MF","GO:0030554","adenyl nucleotide binding",48,352,59,601,0.813559322033898,1.38906009244992,3.73843928336986,8.85068510351494e-05,0.00300923293519508,0.00238502672263139,"23043",48,0.136363636363636,0.0981697171381032
"MF","GO:0030554","adenyl nucleotide binding",48,352,59,601,0.813559322033898,1.38906009244992,3.73843928336986,8.85068510351494e-05,0.00300923293519508,0.00238502672263139,"260425",48,0.136363636363636,0.0981697171381032
"MF","GO:0030554","adenyl nucleotide binding",48,352,59,601,0.813559322033898,1.38906009244992,3.73843928336986,8.85068510351494e-05,0.00300923293519508,0.00238502672263139,"1956",48,0.136363636363636,0.0981697171381032
"MF","GO:0030554","adenyl nucleotide binding",48,352,59,601,0.813559322033898,1.38906009244992,3.73843928336986,8.85068510351494e-05,0.00300923293519508,0.00238502672263139,"57118",48,0.136363636363636,0.0981697171381032
"MF","GO:0030554","adenyl nucleotide binding",48,352,59,601,0.813559322033898,1.38906009244992,3.73843928336986,8.85068510351494e-05,0.00300923293519508,0.00238502672263139,"4643",48,0.136363636363636,0.0981697171381032
"MF","GO:0030554","adenyl nucleotide binding",48,352,59,601,0.813559322033898,1.38906009244992,3.73843928336986,8.85068510351494e-05,0.00300923293519508,0.00238502672263139,"7325",48,0.136363636363636,0.0981697171381032
"MF","GO:0030554","adenyl nucleotide binding",48,352,59,601,0.813559322033898,1.38906009244992,3.73843928336986,8.85068510351494e-05,0.00300923293519508,0.00238502672263139,"2241",48,0.136363636363636,0.0981697171381032
"MF","GO:0030554","adenyl nucleotide binding",48,352,59,601,0.813559322033898,1.38906009244992,3.73843928336986,8.85068510351494e-05,0.00300923293519508,0.00238502672263139,"55589",48,0.136363636363636,0.0981697171381032
"MF","GO:0030554","adenyl nucleotide binding",48,352,59,601,0.813559322033898,1.38906009244992,3.73843928336986,8.85068510351494e-05,0.00300923293519508,0.00238502672263139,"8224",48,0.136363636363636,0.0981697171381032
"MF","GO:0030554","adenyl nucleotide binding",48,352,59,601,0.813559322033898,1.38906009244992,3.73843928336986,8.85068510351494e-05,0.00300923293519508,0.00238502672263139,"5579",48,0.136363636363636,0.0981697171381032
"MF","GO:0030554","adenyl nucleotide binding",48,352,59,601,0.813559322033898,1.38906009244992,3.73843928336986,8.85068510351494e-05,0.00300923293519508,0.00238502672263139,"3643",48,0.136363636363636,0.0981697171381032
"MF","GO:0030554","adenyl nucleotide binding",48,352,59,601,0.813559322033898,1.38906009244992,3.73843928336986,8.85068510351494e-05,0.00300923293519508,0.00238502672263139,"2534",48,0.136363636363636,0.0981697171381032
"MF","GO:0030554","adenyl nucleotide binding",48,352,59,601,0.813559322033898,1.38906009244992,3.73843928336986,8.85068510351494e-05,0.00300923293519508,0.00238502672263139,"54986",48,0.136363636363636,0.0981697171381032
"MF","GO:0030554","adenyl nucleotide binding",48,352,59,601,0.813559322033898,1.38906009244992,3.73843928336986,8.85068510351494e-05,0.00300923293519508,0.00238502672263139,"5578",48,0.136363636363636,0.0981697171381032
"MF","GO:0030554","adenyl nucleotide binding",48,352,59,601,0.813559322033898,1.38906009244992,3.73843928336986,8.85068510351494e-05,0.00300923293519508,0.00238502672263139,"23250",48,0.136363636363636,0.0981697171381032
"MF","GO:0030554","adenyl nucleotide binding",48,352,59,601,0.813559322033898,1.38906009244992,3.73843928336986,8.85068510351494e-05,0.00300923293519508,0.00238502672263139,"23347",48,0.136363636363636,0.0981697171381032
"MF","GO:0030554","adenyl nucleotide binding",48,352,59,601,0.813559322033898,1.38906009244992,3.73843928336986,8.85068510351494e-05,0.00300923293519508,0.00238502672263139,"7150",48,0.136363636363636,0.0981697171381032
"MF","GO:0030554","adenyl nucleotide binding",48,352,59,601,0.813559322033898,1.38906009244992,3.73843928336986,8.85068510351494e-05,0.00300923293519508,0.00238502672263139,"3709",48,0.136363636363636,0.0981697171381032
"MF","GO:0030554","adenyl nucleotide binding",48,352,59,601,0.813559322033898,1.38906009244992,3.73843928336986,8.85068510351494e-05,0.00300923293519508,0.00238502672263139,"84239",48,0.136363636363636,0.0981697171381032
"MF","GO:0030554","adenyl nucleotide binding",48,352,59,601,0.813559322033898,1.38906009244992,3.73843928336986,8.85068510351494e-05,0.00300923293519508,0.00238502672263139,"659",48,0.136363636363636,0.0981697171381032
"MF","GO:0030554","adenyl nucleotide binding",48,352,59,601,0.813559322033898,1.38906009244992,3.73843928336986,8.85068510351494e-05,0.00300923293519508,0.00238502672263139,"57551",48,0.136363636363636,0.0981697171381032
"MF","GO:0030554","adenyl nucleotide binding",48,352,59,601,0.813559322033898,1.38906009244992,3.73843928336986,8.85068510351494e-05,0.00300923293519508,0.00238502672263139,"72",48,0.136363636363636,0.0981697171381032
"MF","GO:0030554","adenyl nucleotide binding",48,352,59,601,0.813559322033898,1.38906009244992,3.73843928336986,8.85068510351494e-05,0.00300923293519508,0.00238502672263139,"488",48,0.136363636363636,0.0981697171381032
"MF","GO:0030554","adenyl nucleotide binding",48,352,59,601,0.813559322033898,1.38906009244992,3.73843928336986,8.85068510351494e-05,0.00300923293519508,0.00238502672263139,"59",48,0.136363636363636,0.0981697171381032
"MF","GO:0030554","adenyl nucleotide binding",48,352,59,601,0.813559322033898,1.38906009244992,3.73843928336986,8.85068510351494e-05,0.00300923293519508,0.00238502672263139,"57194",48,0.136363636363636,0.0981697171381032
"MF","GO:0030554","adenyl nucleotide binding",48,352,59,601,0.813559322033898,1.38906009244992,3.73843928336986,8.85068510351494e-05,0.00300923293519508,0.00238502672263139,"3815",48,0.136363636363636,0.0981697171381032
"MF","GO:0030554","adenyl nucleotide binding",48,352,59,601,0.813559322033898,1.38906009244992,3.73843928336986,8.85068510351494e-05,0.00300923293519508,0.00238502672263139,"9445",48,0.136363636363636,0.0981697171381032
"MF","GO:0030554","adenyl nucleotide binding",48,352,59,601,0.813559322033898,1.38906009244992,3.73843928336986,8.85068510351494e-05,0.00300923293519508,0.00238502672263139,"3248",48,0.136363636363636,0.0981697171381032
"MF","GO:0030554","adenyl nucleotide binding",48,352,59,601,0.813559322033898,1.38906009244992,3.73843928336986,8.85068510351494e-05,0.00300923293519508,0.00238502672263139,"2182",48,0.136363636363636,0.0981697171381032
"MF","GO:0030554","adenyl nucleotide binding",48,352,59,601,0.813559322033898,1.38906009244992,3.73843928336986,8.85068510351494e-05,0.00300923293519508,0.00238502672263139,"7184",48,0.136363636363636,0.0981697171381032
"MF","GO:0030554","adenyl nucleotide binding",48,352,59,601,0.813559322033898,1.38906009244992,3.73843928336986,8.85068510351494e-05,0.00300923293519508,0.00238502672263139,"1719",48,0.136363636363636,0.0981697171381032
"MF","GO:0030554","adenyl nucleotide binding",48,352,59,601,0.813559322033898,1.38906009244992,3.73843928336986,8.85068510351494e-05,0.00300923293519508,0.00238502672263139,"6098",48,0.136363636363636,0.0981697171381032
"MF","GO:0030554","adenyl nucleotide binding",48,352,59,601,0.813559322033898,1.38906009244992,3.73843928336986,8.85068510351494e-05,0.00300923293519508,0.00238502672263139,"9619",48,0.136363636363636,0.0981697171381032
"MF","GO:0004674","protein serine/threonine kinase activity",15,352,15,601,1,1.70738636363636,3.29610310628292,0.000288503563627657,0.00432732779174159,0.00342970871419767,"5592",15,0.0426136363636364,0.0249584026622296
"MF","GO:0004674","protein serine/threonine kinase activity",15,352,15,601,1,1.70738636363636,3.29610310628292,0.000288503563627657,0.00432732779174159,0.00342970871419767,"5218",15,0.0426136363636364,0.0249584026622296
"MF","GO:0004674","protein serine/threonine kinase activity",15,352,15,601,1,1.70738636363636,3.29610310628292,0.000288503563627657,0.00432732779174159,0.00342970871419767,"120892",15,0.0426136363636364,0.0249584026622296
"MF","GO:0004674","protein serine/threonine kinase activity",15,352,15,601,1,1.70738636363636,3.29610310628292,0.000288503563627657,0.00432732779174159,0.00342970871419767,"5583",15,0.0426136363636364,0.0249584026622296
"MF","GO:0004674","protein serine/threonine kinase activity",15,352,15,601,1,1.70738636363636,3.29610310628292,0.000288503563627657,0.00432732779174159,0.00342970871419767,"814",15,0.0426136363636364,0.0249584026622296
"MF","GO:0004674","protein serine/threonine kinase activity",15,352,15,601,1,1.70738636363636,3.29610310628292,0.000288503563627657,0.00432732779174159,0.00342970871419767,"23043",15,0.0426136363636364,0.0249584026622296
"MF","GO:0004674","protein serine/threonine kinase activity",15,352,15,601,1,1.70738636363636,3.29610310628292,0.000288503563627657,0.00432732779174159,0.00342970871419767,"1956",15,0.0426136363636364,0.0249584026622296
"MF","GO:0004674","protein serine/threonine kinase activity",15,352,15,601,1,1.70738636363636,3.29610310628292,0.000288503563627657,0.00432732779174159,0.00342970871419767,"57118",15,0.0426136363636364,0.0249584026622296
"MF","GO:0004674","protein serine/threonine kinase activity",15,352,15,601,1,1.70738636363636,3.29610310628292,0.000288503563627657,0.00432732779174159,0.00342970871419767,"55589",15,0.0426136363636364,0.0249584026622296
"MF","GO:0004674","protein serine/threonine kinase activity",15,352,15,601,1,1.70738636363636,3.29610310628292,0.000288503563627657,0.00432732779174159,0.00342970871419767,"5579",15,0.0426136363636364,0.0249584026622296
"MF","GO:0004674","protein serine/threonine kinase activity",15,352,15,601,1,1.70738636363636,3.29610310628292,0.000288503563627657,0.00432732779174159,0.00342970871419767,"54986",15,0.0426136363636364,0.0249584026622296
"MF","GO:0004674","protein serine/threonine kinase activity",15,352,15,601,1,1.70738636363636,3.29610310628292,0.000288503563627657,0.00432732779174159,0.00342970871419767,"5578",15,0.0426136363636364,0.0249584026622296
"MF","GO:0004674","protein serine/threonine kinase activity",15,352,15,601,1,1.70738636363636,3.29610310628292,0.000288503563627657,0.00432732779174159,0.00342970871419767,"7150",15,0.0426136363636364,0.0249584026622296
"MF","GO:0004674","protein serine/threonine kinase activity",15,352,15,601,1,1.70738636363636,3.29610310628292,0.000288503563627657,0.00432732779174159,0.00342970871419767,"659",15,0.0426136363636364,0.0249584026622296
"MF","GO:0004674","protein serine/threonine kinase activity",15,352,15,601,1,1.70738636363636,3.29610310628292,0.000288503563627657,0.00432732779174159,0.00342970871419767,"57551",15,0.0426136363636364,0.0249584026622296
"MF","GO:1901363","heterocyclic compound binding",55,352,71,601,0.774647887323944,1.32262323943662,3.43901579542457,0.000324612452175389,0.00432732779174159,0.00342970871419767,"9223",55,0.15625,0.118136439267887
"MF","GO:1901363","heterocyclic compound binding",55,352,71,601,0.774647887323944,1.32262323943662,3.43901579542457,0.000324612452175389,0.00432732779174159,0.00342970871419767,"861",55,0.15625,0.118136439267887
"MF","GO:1901363","heterocyclic compound binding",55,352,71,601,0.774647887323944,1.32262323943662,3.43901579542457,0.000324612452175389,0.00432732779174159,0.00342970871419767,"5592",55,0.15625,0.118136439267887
"MF","GO:1901363","heterocyclic compound binding",55,352,71,601,0.774647887323944,1.32262323943662,3.43901579542457,0.000324612452175389,0.00432732779174159,0.00342970871419767,"2321",55,0.15625,0.118136439267887
"MF","GO:1901363","heterocyclic compound binding",55,352,71,601,0.774647887323944,1.32262323943662,3.43901579542457,0.000324612452175389,0.00432732779174159,0.00342970871419767,"9693",55,0.15625,0.118136439267887
"MF","GO:1901363","heterocyclic compound binding",55,352,71,601,0.774647887323944,1.32262323943662,3.43901579542457,0.000324612452175389,0.00432732779174159,0.00342970871419767,"5144",55,0.15625,0.118136439267887
"MF","GO:1901363","heterocyclic compound binding",55,352,71,601,0.774647887323944,1.32262323943662,3.43901579542457,0.000324612452175389,0.00432732779174159,0.00342970871419767,"2066",55,0.15625,0.118136439267887
"MF","GO:1901363","heterocyclic compound binding",55,352,71,601,0.774647887323944,1.32262323943662,3.43901579542457,0.000324612452175389,0.00432732779174159,0.00342970871419767,"89795",55,0.15625,0.118136439267887
"MF","GO:1901363","heterocyclic compound binding",55,352,71,601,0.774647887323944,1.32262323943662,3.43901579542457,0.000324612452175389,0.00432732779174159,0.00342970871419767,"10846",55,0.15625,0.118136439267887
"MF","GO:1901363","heterocyclic compound binding",55,352,71,601,0.774647887323944,1.32262323943662,3.43901579542457,0.000324612452175389,0.00432732779174159,0.00342970871419767,"5218",55,0.15625,0.118136439267887
"MF","GO:1901363","heterocyclic compound binding",55,352,71,601,0.774647887323944,1.32262323943662,3.43901579542457,0.000324612452175389,0.00432732779174159,0.00342970871419767,"120892",55,0.15625,0.118136439267887
"MF","GO:1901363","heterocyclic compound binding",55,352,71,601,0.774647887323944,1.32262323943662,3.43901579542457,0.000324612452175389,0.00432732779174159,0.00342970871419767,"5583",55,0.15625,0.118136439267887
"MF","GO:1901363","heterocyclic compound binding",55,352,71,601,0.774647887323944,1.32262323943662,3.43901579542457,0.000324612452175389,0.00432732779174159,0.00342970871419767,"201625",55,0.15625,0.118136439267887
"MF","GO:1901363","heterocyclic compound binding",55,352,71,601,0.774647887323944,1.32262323943662,3.43901579542457,0.000324612452175389,0.00432732779174159,0.00342970871419767,"2762",55,0.15625,0.118136439267887
"MF","GO:1901363","heterocyclic compound binding",55,352,71,601,0.774647887323944,1.32262323943662,3.43901579542457,0.000324612452175389,0.00432732779174159,0.00342970871419767,"3399",55,0.15625,0.118136439267887
"MF","GO:1901363","heterocyclic compound binding",55,352,71,601,0.774647887323944,1.32262323943662,3.43901579542457,0.000324612452175389,0.00432732779174159,0.00342970871419767,"57381",55,0.15625,0.118136439267887
"MF","GO:1901363","heterocyclic compound binding",55,352,71,601,0.774647887323944,1.32262323943662,3.43901579542457,0.000324612452175389,0.00432732779174159,0.00342970871419767,"814",55,0.15625,0.118136439267887
"MF","GO:1901363","heterocyclic compound binding",55,352,71,601,0.774647887323944,1.32262323943662,3.43901579542457,0.000324612452175389,0.00432732779174159,0.00342970871419767,"23043",55,0.15625,0.118136439267887
"MF","GO:1901363","heterocyclic compound binding",55,352,71,601,0.774647887323944,1.32262323943662,3.43901579542457,0.000324612452175389,0.00432732779174159,0.00342970871419767,"260425",55,0.15625,0.118136439267887
"MF","GO:1901363","heterocyclic compound binding",55,352,71,601,0.774647887323944,1.32262323943662,3.43901579542457,0.000324612452175389,0.00432732779174159,0.00342970871419767,"1956",55,0.15625,0.118136439267887
"MF","GO:1901363","heterocyclic compound binding",55,352,71,601,0.774647887323944,1.32262323943662,3.43901579542457,0.000324612452175389,0.00432732779174159,0.00342970871419767,"57118",55,0.15625,0.118136439267887
"MF","GO:1901363","heterocyclic compound binding",55,352,71,601,0.774647887323944,1.32262323943662,3.43901579542457,0.000324612452175389,0.00432732779174159,0.00342970871419767,"4643",55,0.15625,0.118136439267887
"MF","GO:1901363","heterocyclic compound binding",55,352,71,601,0.774647887323944,1.32262323943662,3.43901579542457,0.000324612452175389,0.00432732779174159,0.00342970871419767,"7325",55,0.15625,0.118136439267887
"MF","GO:1901363","heterocyclic compound binding",55,352,71,601,0.774647887323944,1.32262323943662,3.43901579542457,0.000324612452175389,0.00432732779174159,0.00342970871419767,"2241",55,0.15625,0.118136439267887
"MF","GO:1901363","heterocyclic compound binding",55,352,71,601,0.774647887323944,1.32262323943662,3.43901579542457,0.000324612452175389,0.00432732779174159,0.00342970871419767,"55589",55,0.15625,0.118136439267887
"MF","GO:1901363","heterocyclic compound binding",55,352,71,601,0.774647887323944,1.32262323943662,3.43901579542457,0.000324612452175389,0.00432732779174159,0.00342970871419767,"8224",55,0.15625,0.118136439267887
"MF","GO:1901363","heterocyclic compound binding",55,352,71,601,0.774647887323944,1.32262323943662,3.43901579542457,0.000324612452175389,0.00432732779174159,0.00342970871419767,"5579",55,0.15625,0.118136439267887
"MF","GO:1901363","heterocyclic compound binding",55,352,71,601,0.774647887323944,1.32262323943662,3.43901579542457,0.000324612452175389,0.00432732779174159,0.00342970871419767,"3643",55,0.15625,0.118136439267887
"MF","GO:1901363","heterocyclic compound binding",55,352,71,601,0.774647887323944,1.32262323943662,3.43901579542457,0.000324612452175389,0.00432732779174159,0.00342970871419767,"2534",55,0.15625,0.118136439267887
"MF","GO:1901363","heterocyclic compound binding",55,352,71,601,0.774647887323944,1.32262323943662,3.43901579542457,0.000324612452175389,0.00432732779174159,0.00342970871419767,"54986",55,0.15625,0.118136439267887
"MF","GO:1901363","heterocyclic compound binding",55,352,71,601,0.774647887323944,1.32262323943662,3.43901579542457,0.000324612452175389,0.00432732779174159,0.00342970871419767,"5578",55,0.15625,0.118136439267887
"MF","GO:1901363","heterocyclic compound binding",55,352,71,601,0.774647887323944,1.32262323943662,3.43901579542457,0.000324612452175389,0.00432732779174159,0.00342970871419767,"7879",55,0.15625,0.118136439267887
"MF","GO:1901363","heterocyclic compound binding",55,352,71,601,0.774647887323944,1.32262323943662,3.43901579542457,0.000324612452175389,0.00432732779174159,0.00342970871419767,"23250",55,0.15625,0.118136439267887
"MF","GO:1901363","heterocyclic compound binding",55,352,71,601,0.774647887323944,1.32262323943662,3.43901579542457,0.000324612452175389,0.00432732779174159,0.00342970871419767,"23347",55,0.15625,0.118136439267887
"MF","GO:1901363","heterocyclic compound binding",55,352,71,601,0.774647887323944,1.32262323943662,3.43901579542457,0.000324612452175389,0.00432732779174159,0.00342970871419767,"7150",55,0.15625,0.118136439267887
"MF","GO:1901363","heterocyclic compound binding",55,352,71,601,0.774647887323944,1.32262323943662,3.43901579542457,0.000324612452175389,0.00432732779174159,0.00342970871419767,"3709",55,0.15625,0.118136439267887
"MF","GO:1901363","heterocyclic compound binding",55,352,71,601,0.774647887323944,1.32262323943662,3.43901579542457,0.000324612452175389,0.00432732779174159,0.00342970871419767,"84239",55,0.15625,0.118136439267887
"MF","GO:1901363","heterocyclic compound binding",55,352,71,601,0.774647887323944,1.32262323943662,3.43901579542457,0.000324612452175389,0.00432732779174159,0.00342970871419767,"55214",55,0.15625,0.118136439267887
"MF","GO:1901363","heterocyclic compound binding",55,352,71,601,0.774647887323944,1.32262323943662,3.43901579542457,0.000324612452175389,0.00432732779174159,0.00342970871419767,"659",55,0.15625,0.118136439267887
"MF","GO:1901363","heterocyclic compound binding",55,352,71,601,0.774647887323944,1.32262323943662,3.43901579542457,0.000324612452175389,0.00432732779174159,0.00342970871419767,"57551",55,0.15625,0.118136439267887
"MF","GO:1901363","heterocyclic compound binding",55,352,71,601,0.774647887323944,1.32262323943662,3.43901579542457,0.000324612452175389,0.00432732779174159,0.00342970871419767,"54622",55,0.15625,0.118136439267887
"MF","GO:1901363","heterocyclic compound binding",55,352,71,601,0.774647887323944,1.32262323943662,3.43901579542457,0.000324612452175389,0.00432732779174159,0.00342970871419767,"72",55,0.15625,0.118136439267887
"MF","GO:1901363","heterocyclic compound binding",55,352,71,601,0.774647887323944,1.32262323943662,3.43901579542457,0.000324612452175389,0.00432732779174159,0.00342970871419767,"488",55,0.15625,0.118136439267887
"MF","GO:1901363","heterocyclic compound binding",55,352,71,601,0.774647887323944,1.32262323943662,3.43901579542457,0.000324612452175389,0.00432732779174159,0.00342970871419767,"59",55,0.15625,0.118136439267887
"MF","GO:1901363","heterocyclic compound binding",55,352,71,601,0.774647887323944,1.32262323943662,3.43901579542457,0.000324612452175389,0.00432732779174159,0.00342970871419767,"57194",55,0.15625,0.118136439267887
"MF","GO:1901363","heterocyclic compound binding",55,352,71,601,0.774647887323944,1.32262323943662,3.43901579542457,0.000324612452175389,0.00432732779174159,0.00342970871419767,"3815",55,0.15625,0.118136439267887
"MF","GO:1901363","heterocyclic compound binding",55,352,71,601,0.774647887323944,1.32262323943662,3.43901579542457,0.000324612452175389,0.00432732779174159,0.00342970871419767,"9445",55,0.15625,0.118136439267887
"MF","GO:1901363","heterocyclic compound binding",55,352,71,601,0.774647887323944,1.32262323943662,3.43901579542457,0.000324612452175389,0.00432732779174159,0.00342970871419767,"3248",55,0.15625,0.118136439267887
"MF","GO:1901363","heterocyclic compound binding",55,352,71,601,0.774647887323944,1.32262323943662,3.43901579542457,0.000324612452175389,0.00432732779174159,0.00342970871419767,"2182",55,0.15625,0.118136439267887
"MF","GO:1901363","heterocyclic compound binding",55,352,71,601,0.774647887323944,1.32262323943662,3.43901579542457,0.000324612452175389,0.00432732779174159,0.00342970871419767,"5352",55,0.15625,0.118136439267887
"MF","GO:1901363","heterocyclic compound binding",55,352,71,601,0.774647887323944,1.32262323943662,3.43901579542457,0.000324612452175389,0.00432732779174159,0.00342970871419767,"7184",55,0.15625,0.118136439267887
"MF","GO:1901363","heterocyclic compound binding",55,352,71,601,0.774647887323944,1.32262323943662,3.43901579542457,0.000324612452175389,0.00432732779174159,0.00342970871419767,"1719",55,0.15625,0.118136439267887
"MF","GO:1901363","heterocyclic compound binding",55,352,71,601,0.774647887323944,1.32262323943662,3.43901579542457,0.000324612452175389,0.00432732779174159,0.00342970871419767,"6098",55,0.15625,0.118136439267887
"MF","GO:1901363","heterocyclic compound binding",55,352,71,601,0.774647887323944,1.32262323943662,3.43901579542457,0.000324612452175389,0.00432732779174159,0.00342970871419767,"388",55,0.15625,0.118136439267887
"MF","GO:1901363","heterocyclic compound binding",55,352,71,601,0.774647887323944,1.32262323943662,3.43901579542457,0.000324612452175389,0.00432732779174159,0.00342970871419767,"9619",55,0.15625,0.118136439267887
"MF","GO:0004672","protein kinase activity",25,352,28,601,0.892857142857143,1.52445211038961,3.37640725994413,0.000330913301721416,0.00432732779174159,0.00342970871419767,"5592",25,0.0710227272727273,0.0465890183028286
"MF","GO:0004672","protein kinase activity",25,352,28,601,0.892857142857143,1.52445211038961,3.37640725994413,0.000330913301721416,0.00432732779174159,0.00342970871419767,"2321",25,0.0710227272727273,0.0465890183028286
"MF","GO:0004672","protein kinase activity",25,352,28,601,0.892857142857143,1.52445211038961,3.37640725994413,0.000330913301721416,0.00432732779174159,0.00342970871419767,"2066",25,0.0710227272727273,0.0465890183028286
"MF","GO:0004672","protein kinase activity",25,352,28,601,0.892857142857143,1.52445211038961,3.37640725994413,0.000330913301721416,0.00432732779174159,0.00342970871419767,"5218",25,0.0710227272727273,0.0465890183028286
"MF","GO:0004672","protein kinase activity",25,352,28,601,0.892857142857143,1.52445211038961,3.37640725994413,0.000330913301721416,0.00432732779174159,0.00342970871419767,"120892",25,0.0710227272727273,0.0465890183028286
"MF","GO:0004672","protein kinase activity",25,352,28,601,0.892857142857143,1.52445211038961,3.37640725994413,0.000330913301721416,0.00432732779174159,0.00342970871419767,"5583",25,0.0710227272727273,0.0465890183028286
"MF","GO:0004672","protein kinase activity",25,352,28,601,0.892857142857143,1.52445211038961,3.37640725994413,0.000330913301721416,0.00432732779174159,0.00342970871419767,"814",25,0.0710227272727273,0.0465890183028286
"MF","GO:0004672","protein kinase activity",25,352,28,601,0.892857142857143,1.52445211038961,3.37640725994413,0.000330913301721416,0.00432732779174159,0.00342970871419767,"23043",25,0.0710227272727273,0.0465890183028286
"MF","GO:0004672","protein kinase activity",25,352,28,601,0.892857142857143,1.52445211038961,3.37640725994413,0.000330913301721416,0.00432732779174159,0.00342970871419767,"1956",25,0.0710227272727273,0.0465890183028286
"MF","GO:0004672","protein kinase activity",25,352,28,601,0.892857142857143,1.52445211038961,3.37640725994413,0.000330913301721416,0.00432732779174159,0.00342970871419767,"57118",25,0.0710227272727273,0.0465890183028286
"MF","GO:0004672","protein kinase activity",25,352,28,601,0.892857142857143,1.52445211038961,3.37640725994413,0.000330913301721416,0.00432732779174159,0.00342970871419767,"2241",25,0.0710227272727273,0.0465890183028286
"MF","GO:0004672","protein kinase activity",25,352,28,601,0.892857142857143,1.52445211038961,3.37640725994413,0.000330913301721416,0.00432732779174159,0.00342970871419767,"55589",25,0.0710227272727273,0.0465890183028286
"MF","GO:0004672","protein kinase activity",25,352,28,601,0.892857142857143,1.52445211038961,3.37640725994413,0.000330913301721416,0.00432732779174159,0.00342970871419767,"5579",25,0.0710227272727273,0.0465890183028286
"MF","GO:0004672","protein kinase activity",25,352,28,601,0.892857142857143,1.52445211038961,3.37640725994413,0.000330913301721416,0.00432732779174159,0.00342970871419767,"3643",25,0.0710227272727273,0.0465890183028286
"MF","GO:0004672","protein kinase activity",25,352,28,601,0.892857142857143,1.52445211038961,3.37640725994413,0.000330913301721416,0.00432732779174159,0.00342970871419767,"2534",25,0.0710227272727273,0.0465890183028286
"MF","GO:0004672","protein kinase activity",25,352,28,601,0.892857142857143,1.52445211038961,3.37640725994413,0.000330913301721416,0.00432732779174159,0.00342970871419767,"54986",25,0.0710227272727273,0.0465890183028286
"MF","GO:0004672","protein kinase activity",25,352,28,601,0.892857142857143,1.52445211038961,3.37640725994413,0.000330913301721416,0.00432732779174159,0.00342970871419767,"5578",25,0.0710227272727273,0.0465890183028286
"MF","GO:0004672","protein kinase activity",25,352,28,601,0.892857142857143,1.52445211038961,3.37640725994413,0.000330913301721416,0.00432732779174159,0.00342970871419767,"7150",25,0.0710227272727273,0.0465890183028286
"MF","GO:0004672","protein kinase activity",25,352,28,601,0.892857142857143,1.52445211038961,3.37640725994413,0.000330913301721416,0.00432732779174159,0.00342970871419767,"659",25,0.0710227272727273,0.0465890183028286
"MF","GO:0004672","protein kinase activity",25,352,28,601,0.892857142857143,1.52445211038961,3.37640725994413,0.000330913301721416,0.00432732779174159,0.00342970871419767,"57551",25,0.0710227272727273,0.0465890183028286
"MF","GO:0004672","protein kinase activity",25,352,28,601,0.892857142857143,1.52445211038961,3.37640725994413,0.000330913301721416,0.00432732779174159,0.00342970871419767,"3815",25,0.0710227272727273,0.0465890183028286
"MF","GO:0004672","protein kinase activity",25,352,28,601,0.892857142857143,1.52445211038961,3.37640725994413,0.000330913301721416,0.00432732779174159,0.00342970871419767,"2202",25,0.0710227272727273,0.0465890183028286
"MF","GO:0004672","protein kinase activity",25,352,28,601,0.892857142857143,1.52445211038961,3.37640725994413,0.000330913301721416,0.00432732779174159,0.00342970871419767,"6098",25,0.0710227272727273,0.0465890183028286
"MF","GO:0004672","protein kinase activity",25,352,28,601,0.892857142857143,1.52445211038961,3.37640725994413,0.000330913301721416,0.00432732779174159,0.00342970871419767,"6348",25,0.0710227272727273,0.0465890183028286
"MF","GO:0004672","protein kinase activity",25,352,28,601,0.892857142857143,1.52445211038961,3.37640725994413,0.000330913301721416,0.00432732779174159,0.00342970871419767,"51232",25,0.0710227272727273,0.0465890183028286
"MF","GO:0140993","histone modifying activity",14,352,14,601,1,1.70738636363636,3.18162458757494,0.000501040212572293,0.00473204645207166,0.00375047644498559,"2122",14,0.0397727272727273,0.0232945091514143
"MF","GO:0140993","histone modifying activity",14,352,14,601,1,1.70738636363636,3.18162458757494,0.000501040212572293,0.00473204645207166,0.00375047644498559,"64754",14,0.0397727272727273,0.0232945091514143
"MF","GO:0140993","histone modifying activity",14,352,14,601,1,1.70738636363636,3.18162458757494,0.000501040212572293,0.00473204645207166,0.00375047644498559,"9734",14,0.0397727272727273,0.0232945091514143
"MF","GO:0140993","histone modifying activity",14,352,14,601,1,1.70738636363636,3.18162458757494,0.000501040212572293,0.00473204645207166,0.00375047644498559,"120892",14,0.0397727272727273,0.0232945091514143
"MF","GO:0140993","histone modifying activity",14,352,14,601,1,1.70738636363636,3.18162458757494,0.000501040212572293,0.00473204645207166,0.00375047644498559,"23043",14,0.0397727272727273,0.0232945091514143
"MF","GO:0140993","histone modifying activity",14,352,14,601,1,1.70738636363636,3.18162458757494,0.000501040212572293,0.00473204645207166,0.00375047644498559,"221037",14,0.0397727272727273,0.0232945091514143
"MF","GO:0140993","histone modifying activity",14,352,14,601,1,1.70738636363636,3.18162458757494,0.000501040212572293,0.00473204645207166,0.00375047644498559,"55589",14,0.0397727272727273,0.0232945091514143
"MF","GO:0140993","histone modifying activity",14,352,14,601,1,1.70738636363636,3.18162458757494,0.000501040212572293,0.00473204645207166,0.00375047644498559,"5579",14,0.0397727272727273,0.0232945091514143
"MF","GO:0140993","histone modifying activity",14,352,14,601,1,1.70738636363636,3.18162458757494,0.000501040212572293,0.00473204645207166,0.00375047644498559,"54986",14,0.0397727272727273,0.0232945091514143
"MF","GO:0140993","histone modifying activity",14,352,14,601,1,1.70738636363636,3.18162458757494,0.000501040212572293,0.00473204645207166,0.00375047644498559,"5578",14,0.0397727272727273,0.0232945091514143
"MF","GO:0140993","histone modifying activity",14,352,14,601,1,1.70738636363636,3.18162458757494,0.000501040212572293,0.00473204645207166,0.00375047644498559,"3720",14,0.0397727272727273,0.0232945091514143
"MF","GO:0140993","histone modifying activity",14,352,14,601,1,1.70738636363636,3.18162458757494,0.000501040212572293,0.00473204645207166,0.00375047644498559,"8202",14,0.0397727272727273,0.0232945091514143
"MF","GO:0140993","histone modifying activity",14,352,14,601,1,1.70738636363636,3.18162458757494,0.000501040212572293,0.00473204645207166,0.00375047644498559,"57551",14,0.0397727272727273,0.0232945091514143
"MF","GO:0140993","histone modifying activity",14,352,14,601,1,1.70738636363636,3.18162458757494,0.000501040212572293,0.00473204645207166,0.00375047644498559,"4297",14,0.0397727272727273,0.0232945091514143
"MF","GO:0043168","anion binding",62,352,84,601,0.738095238095238,1.26021374458874,3.05472336880114,0.00136517417981009,0.0116039805283858,0.00919696289556271,"9223",62,0.176136363636364,0.139767054908486
"MF","GO:0043168","anion binding",62,352,84,601,0.738095238095238,1.26021374458874,3.05472336880114,0.00136517417981009,0.0116039805283858,0.00919696289556271,"861",62,0.176136363636364,0.139767054908486
"MF","GO:0043168","anion binding",62,352,84,601,0.738095238095238,1.26021374458874,3.05472336880114,0.00136517417981009,0.0116039805283858,0.00919696289556271,"5592",62,0.176136363636364,0.139767054908486
"MF","GO:0043168","anion binding",62,352,84,601,0.738095238095238,1.26021374458874,3.05472336880114,0.00136517417981009,0.0116039805283858,0.00919696289556271,"2321",62,0.176136363636364,0.139767054908486
"MF","GO:0043168","anion binding",62,352,84,601,0.738095238095238,1.26021374458874,3.05472336880114,0.00136517417981009,0.0116039805283858,0.00919696289556271,"9693",62,0.176136363636364,0.139767054908486
"MF","GO:0043168","anion binding",62,352,84,601,0.738095238095238,1.26021374458874,3.05472336880114,0.00136517417981009,0.0116039805283858,0.00919696289556271,"5144",62,0.176136363636364,0.139767054908486
"MF","GO:0043168","anion binding",62,352,84,601,0.738095238095238,1.26021374458874,3.05472336880114,0.00136517417981009,0.0116039805283858,0.00919696289556271,"2066",62,0.176136363636364,0.139767054908486
"MF","GO:0043168","anion binding",62,352,84,601,0.738095238095238,1.26021374458874,3.05472336880114,0.00136517417981009,0.0116039805283858,0.00919696289556271,"89795",62,0.176136363636364,0.139767054908486
"MF","GO:0043168","anion binding",62,352,84,601,0.738095238095238,1.26021374458874,3.05472336880114,0.00136517417981009,0.0116039805283858,0.00919696289556271,"241",62,0.176136363636364,0.139767054908486
"MF","GO:0043168","anion binding",62,352,84,601,0.738095238095238,1.26021374458874,3.05472336880114,0.00136517417981009,0.0116039805283858,0.00919696289556271,"10846",62,0.176136363636364,0.139767054908486
"MF","GO:0043168","anion binding",62,352,84,601,0.738095238095238,1.26021374458874,3.05472336880114,0.00136517417981009,0.0116039805283858,0.00919696289556271,"5218",62,0.176136363636364,0.139767054908486
"MF","GO:0043168","anion binding",62,352,84,601,0.738095238095238,1.26021374458874,3.05472336880114,0.00136517417981009,0.0116039805283858,0.00919696289556271,"120892",62,0.176136363636364,0.139767054908486
"MF","GO:0043168","anion binding",62,352,84,601,0.738095238095238,1.26021374458874,3.05472336880114,0.00136517417981009,0.0116039805283858,0.00919696289556271,"5583",62,0.176136363636364,0.139767054908486
"MF","GO:0043168","anion binding",62,352,84,601,0.738095238095238,1.26021374458874,3.05472336880114,0.00136517417981009,0.0116039805283858,0.00919696289556271,"201625",62,0.176136363636364,0.139767054908486
"MF","GO:0043168","anion binding",62,352,84,601,0.738095238095238,1.26021374458874,3.05472336880114,0.00136517417981009,0.0116039805283858,0.00919696289556271,"2762",62,0.176136363636364,0.139767054908486
"MF","GO:0043168","anion binding",62,352,84,601,0.738095238095238,1.26021374458874,3.05472336880114,0.00136517417981009,0.0116039805283858,0.00919696289556271,"26207",62,0.176136363636364,0.139767054908486
"MF","GO:0043168","anion binding",62,352,84,601,0.738095238095238,1.26021374458874,3.05472336880114,0.00136517417981009,0.0116039805283858,0.00919696289556271,"3399",62,0.176136363636364,0.139767054908486
"MF","GO:0043168","anion binding",62,352,84,601,0.738095238095238,1.26021374458874,3.05472336880114,0.00136517417981009,0.0116039805283858,0.00919696289556271,"57381",62,0.176136363636364,0.139767054908486
"MF","GO:0043168","anion binding",62,352,84,601,0.738095238095238,1.26021374458874,3.05472336880114,0.00136517417981009,0.0116039805283858,0.00919696289556271,"814",62,0.176136363636364,0.139767054908486
"MF","GO:0043168","anion binding",62,352,84,601,0.738095238095238,1.26021374458874,3.05472336880114,0.00136517417981009,0.0116039805283858,0.00919696289556271,"23043",62,0.176136363636364,0.139767054908486
"MF","GO:0043168","anion binding",62,352,84,601,0.738095238095238,1.26021374458874,3.05472336880114,0.00136517417981009,0.0116039805283858,0.00919696289556271,"260425",62,0.176136363636364,0.139767054908486
"MF","GO:0043168","anion binding",62,352,84,601,0.738095238095238,1.26021374458874,3.05472336880114,0.00136517417981009,0.0116039805283858,0.00919696289556271,"1956",62,0.176136363636364,0.139767054908486
"MF","GO:0043168","anion binding",62,352,84,601,0.738095238095238,1.26021374458874,3.05472336880114,0.00136517417981009,0.0116039805283858,0.00919696289556271,"57118",62,0.176136363636364,0.139767054908486
"MF","GO:0043168","anion binding",62,352,84,601,0.738095238095238,1.26021374458874,3.05472336880114,0.00136517417981009,0.0116039805283858,0.00919696289556271,"4643",62,0.176136363636364,0.139767054908486
"MF","GO:0043168","anion binding",62,352,84,601,0.738095238095238,1.26021374458874,3.05472336880114,0.00136517417981009,0.0116039805283858,0.00919696289556271,"7325",62,0.176136363636364,0.139767054908486
"MF","GO:0043168","anion binding",62,352,84,601,0.738095238095238,1.26021374458874,3.05472336880114,0.00136517417981009,0.0116039805283858,0.00919696289556271,"2241",62,0.176136363636364,0.139767054908486
"MF","GO:0043168","anion binding",62,352,84,601,0.738095238095238,1.26021374458874,3.05472336880114,0.00136517417981009,0.0116039805283858,0.00919696289556271,"55589",62,0.176136363636364,0.139767054908486
"MF","GO:0043168","anion binding",62,352,84,601,0.738095238095238,1.26021374458874,3.05472336880114,0.00136517417981009,0.0116039805283858,0.00919696289556271,"8224",62,0.176136363636364,0.139767054908486
"MF","GO:0043168","anion binding",62,352,84,601,0.738095238095238,1.26021374458874,3.05472336880114,0.00136517417981009,0.0116039805283858,0.00919696289556271,"6840",62,0.176136363636364,0.139767054908486
"MF","GO:0043168","anion binding",62,352,84,601,0.738095238095238,1.26021374458874,3.05472336880114,0.00136517417981009,0.0116039805283858,0.00919696289556271,"5579",62,0.176136363636364,0.139767054908486
"MF","GO:0043168","anion binding",62,352,84,601,0.738095238095238,1.26021374458874,3.05472336880114,0.00136517417981009,0.0116039805283858,0.00919696289556271,"3643",62,0.176136363636364,0.139767054908486
"MF","GO:0043168","anion binding",62,352,84,601,0.738095238095238,1.26021374458874,3.05472336880114,0.00136517417981009,0.0116039805283858,0.00919696289556271,"2534",62,0.176136363636364,0.139767054908486
"MF","GO:0043168","anion binding",62,352,84,601,0.738095238095238,1.26021374458874,3.05472336880114,0.00136517417981009,0.0116039805283858,0.00919696289556271,"54986",62,0.176136363636364,0.139767054908486
"MF","GO:0043168","anion binding",62,352,84,601,0.738095238095238,1.26021374458874,3.05472336880114,0.00136517417981009,0.0116039805283858,0.00919696289556271,"5578",62,0.176136363636364,0.139767054908486
"MF","GO:0043168","anion binding",62,352,84,601,0.738095238095238,1.26021374458874,3.05472336880114,0.00136517417981009,0.0116039805283858,0.00919696289556271,"7879",62,0.176136363636364,0.139767054908486
"MF","GO:0043168","anion binding",62,352,84,601,0.738095238095238,1.26021374458874,3.05472336880114,0.00136517417981009,0.0116039805283858,0.00919696289556271,"23250",62,0.176136363636364,0.139767054908486
"MF","GO:0043168","anion binding",62,352,84,601,0.738095238095238,1.26021374458874,3.05472336880114,0.00136517417981009,0.0116039805283858,0.00919696289556271,"23347",62,0.176136363636364,0.139767054908486
"MF","GO:0043168","anion binding",62,352,84,601,0.738095238095238,1.26021374458874,3.05472336880114,0.00136517417981009,0.0116039805283858,0.00919696289556271,"5468",62,0.176136363636364,0.139767054908486
"MF","GO:0043168","anion binding",62,352,84,601,0.738095238095238,1.26021374458874,3.05472336880114,0.00136517417981009,0.0116039805283858,0.00919696289556271,"7150",62,0.176136363636364,0.139767054908486
"MF","GO:0043168","anion binding",62,352,84,601,0.738095238095238,1.26021374458874,3.05472336880114,0.00136517417981009,0.0116039805283858,0.00919696289556271,"3709",62,0.176136363636364,0.139767054908486
"MF","GO:0043168","anion binding",62,352,84,601,0.738095238095238,1.26021374458874,3.05472336880114,0.00136517417981009,0.0116039805283858,0.00919696289556271,"302",62,0.176136363636364,0.139767054908486
"MF","GO:0043168","anion binding",62,352,84,601,0.738095238095238,1.26021374458874,3.05472336880114,0.00136517417981009,0.0116039805283858,0.00919696289556271,"84239",62,0.176136363636364,0.139767054908486
"MF","GO:0043168","anion binding",62,352,84,601,0.738095238095238,1.26021374458874,3.05472336880114,0.00136517417981009,0.0116039805283858,0.00919696289556271,"55214",62,0.176136363636364,0.139767054908486
"MF","GO:0043168","anion binding",62,352,84,601,0.738095238095238,1.26021374458874,3.05472336880114,0.00136517417981009,0.0116039805283858,0.00919696289556271,"659",62,0.176136363636364,0.139767054908486
"MF","GO:0043168","anion binding",62,352,84,601,0.738095238095238,1.26021374458874,3.05472336880114,0.00136517417981009,0.0116039805283858,0.00919696289556271,"57551",62,0.176136363636364,0.139767054908486
"MF","GO:0043168","anion binding",62,352,84,601,0.738095238095238,1.26021374458874,3.05472336880114,0.00136517417981009,0.0116039805283858,0.00919696289556271,"54622",62,0.176136363636364,0.139767054908486
"MF","GO:0043168","anion binding",62,352,84,601,0.738095238095238,1.26021374458874,3.05472336880114,0.00136517417981009,0.0116039805283858,0.00919696289556271,"72",62,0.176136363636364,0.139767054908486
"MF","GO:0043168","anion binding",62,352,84,601,0.738095238095238,1.26021374458874,3.05472336880114,0.00136517417981009,0.0116039805283858,0.00919696289556271,"23228",62,0.176136363636364,0.139767054908486
"MF","GO:0043168","anion binding",62,352,84,601,0.738095238095238,1.26021374458874,3.05472336880114,0.00136517417981009,0.0116039805283858,0.00919696289556271,"488",62,0.176136363636364,0.139767054908486
"MF","GO:0043168","anion binding",62,352,84,601,0.738095238095238,1.26021374458874,3.05472336880114,0.00136517417981009,0.0116039805283858,0.00919696289556271,"59",62,0.176136363636364,0.139767054908486
"MF","GO:0043168","anion binding",62,352,84,601,0.738095238095238,1.26021374458874,3.05472336880114,0.00136517417981009,0.0116039805283858,0.00919696289556271,"57194",62,0.176136363636364,0.139767054908486
"MF","GO:0043168","anion binding",62,352,84,601,0.738095238095238,1.26021374458874,3.05472336880114,0.00136517417981009,0.0116039805283858,0.00919696289556271,"3815",62,0.176136363636364,0.139767054908486
"MF","GO:0043168","anion binding",62,352,84,601,0.738095238095238,1.26021374458874,3.05472336880114,0.00136517417981009,0.0116039805283858,0.00919696289556271,"9445",62,0.176136363636364,0.139767054908486
"MF","GO:0043168","anion binding",62,352,84,601,0.738095238095238,1.26021374458874,3.05472336880114,0.00136517417981009,0.0116039805283858,0.00919696289556271,"3248",62,0.176136363636364,0.139767054908486
"MF","GO:0043168","anion binding",62,352,84,601,0.738095238095238,1.26021374458874,3.05472336880114,0.00136517417981009,0.0116039805283858,0.00919696289556271,"2182",62,0.176136363636364,0.139767054908486
"MF","GO:0043168","anion binding",62,352,84,601,0.738095238095238,1.26021374458874,3.05472336880114,0.00136517417981009,0.0116039805283858,0.00919696289556271,"5352",62,0.176136363636364,0.139767054908486
"MF","GO:0043168","anion binding",62,352,84,601,0.738095238095238,1.26021374458874,3.05472336880114,0.00136517417981009,0.0116039805283858,0.00919696289556271,"7184",62,0.176136363636364,0.139767054908486
"MF","GO:0043168","anion binding",62,352,84,601,0.738095238095238,1.26021374458874,3.05472336880114,0.00136517417981009,0.0116039805283858,0.00919696289556271,"1719",62,0.176136363636364,0.139767054908486
"MF","GO:0043168","anion binding",62,352,84,601,0.738095238095238,1.26021374458874,3.05472336880114,0.00136517417981009,0.0116039805283858,0.00919696289556271,"6098",62,0.176136363636364,0.139767054908486
"MF","GO:0043168","anion binding",62,352,84,601,0.738095238095238,1.26021374458874,3.05472336880114,0.00136517417981009,0.0116039805283858,0.00919696289556271,"388",62,0.176136363636364,0.139767054908486
"MF","GO:0043168","anion binding",62,352,84,601,0.738095238095238,1.26021374458874,3.05472336880114,0.00136517417981009,0.0116039805283858,0.00919696289556271,"9619",62,0.176136363636364,0.139767054908486
"MF","GO:0043168","anion binding",62,352,84,601,0.738095238095238,1.26021374458874,3.05472336880114,0.00136517417981009,0.0116039805283858,0.00919696289556271,"2171",62,0.176136363636364,0.139767054908486
"MF","GO:0046873","metal ion transmembrane transporter activity",10,352,10,601,1,1.70738636363636,2.67984840020567,0.00450137916087991,0.0332710633630254,0.0263696353589304,"728215",10,0.0284090909090909,0.0166389351081531
"MF","GO:0046873","metal ion transmembrane transporter activity",10,352,10,601,1,1.70738636363636,2.67984840020567,0.00450137916087991,0.0332710633630254,0.0263696353589304,"51312",10,0.0284090909090909,0.0166389351081531
"MF","GO:0046873","metal ion transmembrane transporter activity",10,352,10,601,1,1.70738636363636,2.67984840020567,0.00450137916087991,0.0332710633630254,0.0263696353589304,"285195",10,0.0284090909090909,0.0166389351081531
"MF","GO:0046873","metal ion transmembrane transporter activity",10,352,10,601,1,1.70738636363636,2.67984840020567,0.00450137916087991,0.0332710633630254,0.0263696353589304,"8671",10,0.0284090909090909,0.0166389351081531
"MF","GO:0046873","metal ion transmembrane transporter activity",10,352,10,601,1,1.70738636363636,2.67984840020567,0.00450137916087991,0.0332710633630254,0.0263696353589304,"6546",10,0.0284090909090909,0.0166389351081531
"MF","GO:0046873","metal ion transmembrane transporter activity",10,352,10,601,1,1.70738636363636,2.67984840020567,0.00450137916087991,0.0332710633630254,0.0263696353589304,"781",10,0.0284090909090909,0.0166389351081531
"MF","GO:0046873","metal ion transmembrane transporter activity",10,352,10,601,1,1.70738636363636,2.67984840020567,0.00450137916087991,0.0332710633630254,0.0263696353589304,"3778",10,0.0284090909090909,0.0166389351081531
"MF","GO:0046873","metal ion transmembrane transporter activity",10,352,10,601,1,1.70738636363636,2.67984840020567,0.00450137916087991,0.0332710633630254,0.0263696353589304,"3709",10,0.0284090909090909,0.0166389351081531
"MF","GO:0046873","metal ion transmembrane transporter activity",10,352,10,601,1,1.70738636363636,2.67984840020567,0.00450137916087991,0.0332710633630254,0.0263696353589304,"57419",10,0.0284090909090909,0.0166389351081531
"MF","GO:0046873","metal ion transmembrane transporter activity",10,352,10,601,1,1.70738636363636,2.67984840020567,0.00450137916087991,0.0332710633630254,0.0263696353589304,"488",10,0.0284090909090909,0.0166389351081531
"MF","GO:0038023","signaling receptor activity",32,352,41,601,0.780487804878049,1.33259423503326,2.62095711794605,0.0057139209084533,0.0388546621774825,0.0307950263697694,"5799",32,0.0909090909090909,0.0682196339434276
"MF","GO:0038023","signaling receptor activity",32,352,41,601,0.780487804878049,1.33259423503326,2.62095711794605,0.0057139209084533,0.0388546621774825,0.0307950263697694,"23284",32,0.0909090909090909,0.0682196339434276
"MF","GO:0038023","signaling receptor activity",32,352,41,601,0.780487804878049,1.33259423503326,2.62095711794605,0.0057139209084533,0.0388546621774825,0.0307950263697694,"5789",32,0.0909090909090909,0.0682196339434276
"MF","GO:0038023","signaling receptor activity",32,352,41,601,0.780487804878049,1.33259423503326,2.62095711794605,0.0057139209084533,0.0388546621774825,0.0307950263697694,"6092",32,0.0909090909090909,0.0682196339434276
"MF","GO:0038023","signaling receptor activity",32,352,41,601,0.780487804878049,1.33259423503326,2.62095711794605,0.0057139209084533,0.0388546621774825,0.0307950263697694,"10082",32,0.0909090909090909,0.0682196339434276
"MF","GO:0038023","signaling receptor activity",32,352,41,601,0.780487804878049,1.33259423503326,2.62095711794605,0.0057139209084533,0.0388546621774825,0.0307950263697694,"9369",32,0.0909090909090909,0.0682196339434276
"MF","GO:0038023","signaling receptor activity",32,352,41,601,0.780487804878049,1.33259423503326,2.62095711794605,0.0057139209084533,0.0388546621774825,0.0307950263697694,"2321",32,0.0909090909090909,0.0682196339434276
"MF","GO:0038023","signaling receptor activity",32,352,41,601,0.780487804878049,1.33259423503326,2.62095711794605,0.0057139209084533,0.0388546621774825,0.0307950263697694,"23266",32,0.0909090909090909,0.0682196339434276
"MF","GO:0038023","signaling receptor activity",32,352,41,601,0.780487804878049,1.33259423503326,2.62095711794605,0.0057139209084533,0.0388546621774825,0.0307950263697694,"2066",32,0.0909090909090909,0.0682196339434276
"MF","GO:0038023","signaling receptor activity",32,352,41,601,0.780487804878049,1.33259423503326,2.62095711794605,0.0057139209084533,0.0388546621774825,0.0307950263697694,"6095",32,0.0909090909090909,0.0682196339434276
"MF","GO:0038023","signaling receptor activity",32,352,41,601,0.780487804878049,1.33259423503326,2.62095711794605,0.0057139209084533,0.0388546621774825,0.0307950263697694,"5793",32,0.0909090909090909,0.0682196339434276
"MF","GO:0038023","signaling receptor activity",32,352,41,601,0.780487804878049,1.33259423503326,2.62095711794605,0.0057139209084533,0.0388546621774825,0.0307950263697694,"196",32,0.0909090909090909,0.0682196339434276
"MF","GO:0038023","signaling receptor activity",32,352,41,601,0.780487804878049,1.33259423503326,2.62095711794605,0.0057139209084533,0.0388546621774825,0.0307950263697694,"26280",32,0.0909090909090909,0.0682196339434276
"MF","GO:0038023","signaling receptor activity",32,352,41,601,0.780487804878049,1.33259423503326,2.62095711794605,0.0057139209084533,0.0388546621774825,0.0307950263697694,"1956",32,0.0909090909090909,0.0682196339434276
"MF","GO:0038023","signaling receptor activity",32,352,41,601,0.780487804878049,1.33259423503326,2.62095711794605,0.0057139209084533,0.0388546621774825,0.0307950263697694,"972",32,0.0909090909090909,0.0682196339434276
"MF","GO:0038023","signaling receptor activity",32,352,41,601,0.780487804878049,1.33259423503326,2.62095711794605,0.0057139209084533,0.0388546621774825,0.0307950263697694,"976",32,0.0909090909090909,0.0682196339434276
"MF","GO:0038023","signaling receptor activity",32,352,41,601,0.780487804878049,1.33259423503326,2.62095711794605,0.0057139209084533,0.0388546621774825,0.0307950263697694,"3643",32,0.0909090909090909,0.0682196339434276
"MF","GO:0038023","signaling receptor activity",32,352,41,601,0.780487804878049,1.33259423503326,2.62095711794605,0.0057139209084533,0.0388546621774825,0.0307950263697694,"10203",32,0.0909090909090909,0.0682196339434276
"MF","GO:0038023","signaling receptor activity",32,352,41,601,0.780487804878049,1.33259423503326,2.62095711794605,0.0057139209084533,0.0388546621774825,0.0307950263697694,"5468",32,0.0909090909090909,0.0682196339434276
"MF","GO:0038023","signaling receptor activity",32,352,41,601,0.780487804878049,1.33259423503326,2.62095711794605,0.0057139209084533,0.0388546621774825,0.0307950263697694,"659",32,0.0909090909090909,0.0682196339434276
"MF","GO:0038023","signaling receptor activity",32,352,41,601,0.780487804878049,1.33259423503326,2.62095711794605,0.0057139209084533,0.0388546621774825,0.0307950263697694,"9052",32,0.0909090909090909,0.0682196339434276
"MF","GO:0038023","signaling receptor activity",32,352,41,601,0.780487804878049,1.33259423503326,2.62095711794605,0.0057139209084533,0.0388546621774825,0.0307950263697694,"3815",32,0.0909090909090909,0.0682196339434276
"MF","GO:0038023","signaling receptor activity",32,352,41,601,0.780487804878049,1.33259423503326,2.62095711794605,0.0057139209084533,0.0388546621774825,0.0307950263697694,"9173",32,0.0909090909090909,0.0682196339434276
"MF","GO:0038023","signaling receptor activity",32,352,41,601,0.780487804878049,1.33259423503326,2.62095711794605,0.0057139209084533,0.0388546621774825,0.0307950263697694,"960",32,0.0909090909090909,0.0682196339434276
"MF","GO:0038023","signaling receptor activity",32,352,41,601,0.780487804878049,1.33259423503326,2.62095711794605,0.0057139209084533,0.0388546621774825,0.0307950263697694,"3248",32,0.0909090909090909,0.0682196339434276
"MF","GO:0038023","signaling receptor activity",32,352,41,601,0.780487804878049,1.33259423503326,2.62095711794605,0.0057139209084533,0.0388546621774825,0.0307950263697694,"2202",32,0.0909090909090909,0.0682196339434276
"MF","GO:0038023","signaling receptor activity",32,352,41,601,0.780487804878049,1.33259423503326,2.62095711794605,0.0057139209084533,0.0388546621774825,0.0307950263697694,"6098",32,0.0909090909090909,0.0682196339434276
"MF","GO:0038023","signaling receptor activity",32,352,41,601,0.780487804878049,1.33259423503326,2.62095711794605,0.0057139209084533,0.0388546621774825,0.0307950263697694,"3122",32,0.0909090909090909,0.0682196339434276
"MF","GO:0038023","signaling receptor activity",32,352,41,601,0.780487804878049,1.33259423503326,2.62095711794605,0.0057139209084533,0.0388546621774825,0.0307950263697694,"969",32,0.0909090909090909,0.0682196339434276
"MF","GO:0038023","signaling receptor activity",32,352,41,601,0.780487804878049,1.33259423503326,2.62095711794605,0.0057139209084533,0.0388546621774825,0.0307950263697694,"4360",32,0.0909090909090909,0.0682196339434276
"MF","GO:0038023","signaling receptor activity",32,352,41,601,0.780487804878049,1.33259423503326,2.62095711794605,0.0057139209084533,0.0388546621774825,0.0307950263697694,"51232",32,0.0909090909090909,0.0682196339434276
"MF","GO:0038023","signaling receptor activity",32,352,41,601,0.780487804878049,1.33259423503326,2.62095711794605,0.0057139209084533,0.0388546621774825,0.0307950263697694,"3117",32,0.0909090909090909,0.0682196339434276
"MF","GO:0060089","molecular transducer activity",32,352,41,601,0.780487804878049,1.33259423503326,2.62095711794605,0.0057139209084533,0.0388546621774825,0.0307950263697694,"5799",32,0.0909090909090909,0.0682196339434276
"MF","GO:0060089","molecular transducer activity",32,352,41,601,0.780487804878049,1.33259423503326,2.62095711794605,0.0057139209084533,0.0388546621774825,0.0307950263697694,"23284",32,0.0909090909090909,0.0682196339434276
"MF","GO:0060089","molecular transducer activity",32,352,41,601,0.780487804878049,1.33259423503326,2.62095711794605,0.0057139209084533,0.0388546621774825,0.0307950263697694,"5789",32,0.0909090909090909,0.0682196339434276
"MF","GO:0060089","molecular transducer activity",32,352,41,601,0.780487804878049,1.33259423503326,2.62095711794605,0.0057139209084533,0.0388546621774825,0.0307950263697694,"6092",32,0.0909090909090909,0.0682196339434276
"MF","GO:0060089","molecular transducer activity",32,352,41,601,0.780487804878049,1.33259423503326,2.62095711794605,0.0057139209084533,0.0388546621774825,0.0307950263697694,"10082",32,0.0909090909090909,0.0682196339434276
"MF","GO:0060089","molecular transducer activity",32,352,41,601,0.780487804878049,1.33259423503326,2.62095711794605,0.0057139209084533,0.0388546621774825,0.0307950263697694,"9369",32,0.0909090909090909,0.0682196339434276
"MF","GO:0060089","molecular transducer activity",32,352,41,601,0.780487804878049,1.33259423503326,2.62095711794605,0.0057139209084533,0.0388546621774825,0.0307950263697694,"2321",32,0.0909090909090909,0.0682196339434276
"MF","GO:0060089","molecular transducer activity",32,352,41,601,0.780487804878049,1.33259423503326,2.62095711794605,0.0057139209084533,0.0388546621774825,0.0307950263697694,"23266",32,0.0909090909090909,0.0682196339434276
"MF","GO:0060089","molecular transducer activity",32,352,41,601,0.780487804878049,1.33259423503326,2.62095711794605,0.0057139209084533,0.0388546621774825,0.0307950263697694,"2066",32,0.0909090909090909,0.0682196339434276
"MF","GO:0060089","molecular transducer activity",32,352,41,601,0.780487804878049,1.33259423503326,2.62095711794605,0.0057139209084533,0.0388546621774825,0.0307950263697694,"6095",32,0.0909090909090909,0.0682196339434276
"MF","GO:0060089","molecular transducer activity",32,352,41,601,0.780487804878049,1.33259423503326,2.62095711794605,0.0057139209084533,0.0388546621774825,0.0307950263697694,"5793",32,0.0909090909090909,0.0682196339434276
"MF","GO:0060089","molecular transducer activity",32,352,41,601,0.780487804878049,1.33259423503326,2.62095711794605,0.0057139209084533,0.0388546621774825,0.0307950263697694,"196",32,0.0909090909090909,0.0682196339434276
"MF","GO:0060089","molecular transducer activity",32,352,41,601,0.780487804878049,1.33259423503326,2.62095711794605,0.0057139209084533,0.0388546621774825,0.0307950263697694,"26280",32,0.0909090909090909,0.0682196339434276
"MF","GO:0060089","molecular transducer activity",32,352,41,601,0.780487804878049,1.33259423503326,2.62095711794605,0.0057139209084533,0.0388546621774825,0.0307950263697694,"1956",32,0.0909090909090909,0.0682196339434276
"MF","GO:0060089","molecular transducer activity",32,352,41,601,0.780487804878049,1.33259423503326,2.62095711794605,0.0057139209084533,0.0388546621774825,0.0307950263697694,"972",32,0.0909090909090909,0.0682196339434276
"MF","GO:0060089","molecular transducer activity",32,352,41,601,0.780487804878049,1.33259423503326,2.62095711794605,0.0057139209084533,0.0388546621774825,0.0307950263697694,"976",32,0.0909090909090909,0.0682196339434276
"MF","GO:0060089","molecular transducer activity",32,352,41,601,0.780487804878049,1.33259423503326,2.62095711794605,0.0057139209084533,0.0388546621774825,0.0307950263697694,"3643",32,0.0909090909090909,0.0682196339434276
"MF","GO:0060089","molecular transducer activity",32,352,41,601,0.780487804878049,1.33259423503326,2.62095711794605,0.0057139209084533,0.0388546621774825,0.0307950263697694,"10203",32,0.0909090909090909,0.0682196339434276
"MF","GO:0060089","molecular transducer activity",32,352,41,601,0.780487804878049,1.33259423503326,2.62095711794605,0.0057139209084533,0.0388546621774825,0.0307950263697694,"5468",32,0.0909090909090909,0.0682196339434276
"MF","GO:0060089","molecular transducer activity",32,352,41,601,0.780487804878049,1.33259423503326,2.62095711794605,0.0057139209084533,0.0388546621774825,0.0307950263697694,"659",32,0.0909090909090909,0.0682196339434276
"MF","GO:0060089","molecular transducer activity",32,352,41,601,0.780487804878049,1.33259423503326,2.62095711794605,0.0057139209084533,0.0388546621774825,0.0307950263697694,"9052",32,0.0909090909090909,0.0682196339434276
"MF","GO:0060089","molecular transducer activity",32,352,41,601,0.780487804878049,1.33259423503326,2.62095711794605,0.0057139209084533,0.0388546621774825,0.0307950263697694,"3815",32,0.0909090909090909,0.0682196339434276
"MF","GO:0060089","molecular transducer activity",32,352,41,601,0.780487804878049,1.33259423503326,2.62095711794605,0.0057139209084533,0.0388546621774825,0.0307950263697694,"9173",32,0.0909090909090909,0.0682196339434276
"MF","GO:0060089","molecular transducer activity",32,352,41,601,0.780487804878049,1.33259423503326,2.62095711794605,0.0057139209084533,0.0388546621774825,0.0307950263697694,"960",32,0.0909090909090909,0.0682196339434276
"MF","GO:0060089","molecular transducer activity",32,352,41,601,0.780487804878049,1.33259423503326,2.62095711794605,0.0057139209084533,0.0388546621774825,0.0307950263697694,"3248",32,0.0909090909090909,0.0682196339434276
"MF","GO:0060089","molecular transducer activity",32,352,41,601,0.780487804878049,1.33259423503326,2.62095711794605,0.0057139209084533,0.0388546621774825,0.0307950263697694,"2202",32,0.0909090909090909,0.0682196339434276
"MF","GO:0060089","molecular transducer activity",32,352,41,601,0.780487804878049,1.33259423503326,2.62095711794605,0.0057139209084533,0.0388546621774825,0.0307950263697694,"6098",32,0.0909090909090909,0.0682196339434276
"MF","GO:0060089","molecular transducer activity",32,352,41,601,0.780487804878049,1.33259423503326,2.62095711794605,0.0057139209084533,0.0388546621774825,0.0307950263697694,"3122",32,0.0909090909090909,0.0682196339434276
"MF","GO:0060089","molecular transducer activity",32,352,41,601,0.780487804878049,1.33259423503326,2.62095711794605,0.0057139209084533,0.0388546621774825,0.0307950263697694,"969",32,0.0909090909090909,0.0682196339434276
"MF","GO:0060089","molecular transducer activity",32,352,41,601,0.780487804878049,1.33259423503326,2.62095711794605,0.0057139209084533,0.0388546621774825,0.0307950263697694,"4360",32,0.0909090909090909,0.0682196339434276
"MF","GO:0060089","molecular transducer activity",32,352,41,601,0.780487804878049,1.33259423503326,2.62095711794605,0.0057139209084533,0.0388546621774825,0.0307950263697694,"51232",32,0.0909090909090909,0.0682196339434276
"MF","GO:0060089","molecular transducer activity",32,352,41,601,0.780487804878049,1.33259423503326,2.62095711794605,0.0057139209084533,0.0388546621774825,0.0307950263697694,"3117",32,0.0909090909090909,0.0682196339434276
