Gene Symbol,Ensembl ID,Pvalue,LogFC,cell_type,GEO
ACTB,ENSG00000075624,0.0,	55.8583377956035,cell_B,GSE157344
AFF3,ENSG00000144218,	1.02525700925189e-34,	-71.193609672303,cell_B,GSE157344
ANKRD28,ENSG00000206560,	2.7379860264335494e-11,	-50.57273383793,cell_B,GSE157344
AP001011.1,AP001011.1,	1.0714377586628398e-30,	-25.4252959923025,cell_B,GSE157344
B2M,ENSG00000166710,	7.87119580016136e-141,	75.4142677316903,cell_B,GSE157344
BACH2,ENSG00000112182,	8.60666925260638e-20,	-52.7674646374584,cell_B,GSE157344
CCSER1,ENSG00000184305,	2.12296578876034e-19,	-39.5951465019962,cell_B,GSE157344
CD74,ENSG00000019582,	5.65541720298145e-116,	44.07755524008,cell_B,GSE157344
CEP128,ENSG00000100629,	8.36573942295658e-16,	-25.0424712529248,cell_B,GSE157344
CST3,ENSG00000101439,	2.3183283182849807e-149,	135.10440160541,cell_B,GSE157344
CXCL8,ENSG00000169429,	1.45753966423836e-37,	295.138030788031,cell_B,GSE157344
EBF1,ENSG00000164330,	1.64748497547568e-17,	-33.6418744036941,cell_B,GSE157344
EEF1A1,ENSG00000156508,0.0,	49.8578055736045,cell_B,GSE157344
ELL2,ENSG00000118985,	9.41100778392416e-08,	-23.7434970344421,cell_B,GSE157344
FNDC3B,ENSG00000075420,	1.03234662923051e-22,	-40.7787420841373,cell_B,GSE157344
FTH1,ENSG00000167996,	7.09089474850156e-67,	365.643418019255,cell_B,GSE157344
FTL,ENSG00000087086,	7.72664738035298e-131,	146.355900233351,cell_B,GSE157344
GAB1,ENSG00000109458,	5.27407930938811e-27,	-23.691703324155,cell_B,GSE157344
HDAC9,ENSG00000048052,	2.61269642780831e-19,	-29.5552199758074,cell_B,GSE157344
IGHA1,ENSG00000211895,	4.24900078993766e-07,inf,cell_B,GSE157344
IGHG1,ENSG00000211896,	6.313045044212901e-10,inf,cell_B,GSE157344
IGHM,ENSG00000211899,	0.0173116757059684,inf,cell_B,GSE157344
IGKC,ENSG00000211592,	7.52562964196304e-06,inf,cell_B,GSE157344
ITPR2,ENSG00000123104,	1.30803731786129e-29,	-29.2464186875996,cell_B,GSE157344
JCHAIN,ENSG00000132465,	6.516140892173951e-17,	728.841520284387,cell_B,GSE157344
LPP,ENSG00000145012,	7.13485367827473e-16,	-53.838183065168,cell_B,GSE157344
LRMP,LRMP,	0.036242682763941,	-28.4614780717524,cell_B,GSE157344
LTB,ENSG00000227507,	1.1610196896085302e-31,	71.2782664352982,cell_B,GSE157344
MALAT1,ENSG00000251562,	9.32533163577121e-19,inf,cell_B,GSE157344
MT-ATP6,ENSG00000198899,	6.69287072113639e-134,	135.892815252096,cell_B,GSE157344
MT-CO1,ENSG00000198804,	5.0468315884469405e-112,	138.245047872026,cell_B,GSE157344
MT-CO2,ENSG00000198712,	8.1798434246312e-111,	126.859299868036,cell_B,GSE157344
MT-CO3,ENSG00000198938,	8.61154432020446e-126,	129.931562003334,cell_B,GSE157344
MT-CYB,ENSG00000198727,	8.32760196438462e-177,	120.858561238446,cell_B,GSE157344
MT-ND3,ENSG00000198840,	4.73905402083819e-93,	137.320928334373,cell_B,GSE157344
MT-ND4,ENSG00000198886,	5.66438144388075e-132,	87.8194099045168,cell_B,GSE157344
NEDD9,ENSG00000111859,	1.3048623379178102e-25,	-43.8331494764323,cell_B,GSE157344
NFKBIA,ENSG00000100906,	1.04061989023976e-148,	45.8148026126148,cell_B,GSE157344
PELI1,ENSG00000197329,	3.61173788850946e-12,	-50.9380127463711,cell_B,GSE157344
RABGAP1L,ENSG00000152061,	6.94855381735468e-66,	-107.209090331073,cell_B,GSE157344
RAPGEF2,ENSG00000109756,	1.04107942144176e-14,	-24.9173481377547,cell_B,GSE157344
RBM33,ENSG00000184863,	2.69453885612679e-09,	-23.6324311289651,cell_B,GSE157344
ST6GAL1,ENSG00000073849,	4.81080058852117e-52,	-34.460532474977,cell_B,GSE157344
TMEM131L,ENSG00000121210,	7.77575992008614e-25,	-28.3119949550937,cell_B,GSE157344
TMSB4X,ENSG00000205542,	3.82446886770101e-248,	121.679942289801,cell_B,GSE157344
TPT1,ENSG00000133112,0.0,	48.5440200892572,cell_B,GSE157344
TXN,ENSG00000136810,	4.16513884090095e-133,	55.5722875469172,cell_B,GSE157344
UBE2E2,ENSG00000182247,	2.47832176684772e-34,	-32.291588600376,cell_B,GSE157344
VIM,ENSG00000026025,	8.09391684001662e-162,	47.825182684257,cell_B,GSE157344
WDFY4,ENSG00000128815,	2.10423883329679e-09,	-38.9469991310779,cell_B,GSE157344
ABLIM1,ENSG00000099204,	0.000629377026242,	-29.1217270770147,cell_Endothelial,GSE157344
AC007319.1,AC007319.1,	3.88080813830257e-05,	-29.3750880065326,cell_Endothelial,GSE157344
ADGRL2,ENSG00000117114,	2.12101754686167e-05,	-43.2659935087115,cell_Endothelial,GSE157344
AFF3,ENSG00000144218,	4.37016163604346e-05,	-33.7033355340001,cell_Endothelial,GSE157344
AKAP12,ENSG00000131016,	0.0118112916657854,	-36.7942325272682,cell_Endothelial,GSE157344
ALOX5AP,ENSG00000132965,	2.53596541596182e-178,	26.126671345889,cell_Endothelial,GSE157344
ARL15,ENSG00000185305,	1.04603962827131e-05,	-52.4569077757952,cell_Endothelial,GSE157344
B2M,ENSG00000166710,	1.86415850975418e-16,	49.0071352556501,cell_Endothelial,GSE157344
CEBPB,ENSG00000172216,	4.38300096067855e-171,	36.2139945771253,cell_Endothelial,GSE157344
CEMIP2,ENSG00000135048,	0.001367737186392,	-32.2591809930671,cell_Endothelial,GSE157344
CXCL8,ENSG00000169429,	1.11632119092321e-26,	177.50836112152,cell_Endothelial,GSE157344
ERG,ENSG00000157554,	0.0001244308863265,	-53.899602797145,cell_Endothelial,GSE157344
FLT1,ENSG00000102755,	0.0046436403495703,	-38.0815433107551,cell_Endothelial,GSE157344
FOS,ENSG00000170345,	3.86430343083651e-12,	24.9281656797061,cell_Endothelial,GSE157344
FTH1,ENSG00000167996,	2.1455761984426106e-15,	219.380148144993,cell_Endothelial,GSE157344
FTL,ENSG00000087086,	5.84505869997584e-20,	221.735113996878,cell_Endothelial,GSE157344
H3F3B,H3F3B,	1.29698915163821e-29,	27.8797298559554,cell_Endothelial,GSE157344
HLA-B,ENSG00000234745,	9.93754298932799e-40,	25.8206220673693,cell_Endothelial,GSE157344
HSP90AA1,ENSG00000080824,	5.23893272800453e-20,	25.6049863122977,cell_Endothelial,GSE157344
JMJD1C,ENSG00000171988,	2.37410994448166e-05,	-28.0457398927516,cell_Endothelial,GSE157344
JUN,ENSG00000177606,	1.93989337755151e-10,	28.6760160025674,cell_Endothelial,GSE157344
KIAA1217,ENSG00000120549,	8.08014489975325e-06,	-35.0223911379401,cell_Endothelial,GSE157344
LDB2,ENSG00000169744,	1.8363692846648e-10,	-51.0147191333939,cell_Endothelial,GSE157344
LRMDA,ENSG00000148655,	2.6324578892542302e-09,	-39.4726525694274,cell_Endothelial,GSE157344
MCTP1,ENSG00000175471,	0.0365408070980497,	-72.5231013906441,cell_Endothelial,GSE157344
MT-ATP6,ENSG00000198899,	4.12059278431162e-17,	77.2010789112151,cell_Endothelial,GSE157344
MT-CO1,ENSG00000198804,	9.02803252658786e-18,	116.38061991451,cell_Endothelial,GSE157344
MT-CO2,ENSG00000198712,	7.631237361850861e-20,	137.646514438872,cell_Endothelial,GSE157344
MT-CO3,ENSG00000198938,	1.32387102731078e-20,	79.1990505644898,cell_Endothelial,GSE157344
MT-CYB,ENSG00000198727,	2.87382883002061e-29,	41.6366431623766,cell_Endothelial,GSE157344
MT-ND2,ENSG00000198763,	5.64700982499506e-28,	41.4707078553972,cell_Endothelial,GSE157344
MT-ND3,ENSG00000198840,	5.94138614984633e-18,	42.9052634627855,cell_Endothelial,GSE157344
MT-ND4,ENSG00000198886,	2.80931634390149e-24,	33.5495855281258,cell_Endothelial,GSE157344
MYO1E,ENSG00000157483,	0.0062700112025255,	-38.0299573715271,cell_Endothelial,GSE157344
NEAT1,ENSG00000245532,	0.0048802462988003,	25.6098710453145,cell_Endothelial,GSE157344
PDE4D,ENSG00000113448,	0.0100004332637229,	-32.2596716191087,cell_Endothelial,GSE157344
PLPP1,ENSG00000067113,	0.0006338410929873,	-57.2441727291334,cell_Endothelial,GSE157344
PRICKLE2,ENSG00000163637,	5.72437803596984e-05,	-35.1543751205708,cell_Endothelial,GSE157344
PRKG1,ENSG00000185532,	0.0003740717536894,	-34.0065933082147,cell_Endothelial,GSE157344
PTPRG,ENSG00000144724,	2.49957641515855e-08,	-32.4365844679592,cell_Endothelial,GSE157344
RALGAPA2,ENSG00000188559,	1.01667772229699e-06,	-38.0300033889154,cell_Endothelial,GSE157344
RPL41,ENSG00000229117,	3.43988016002738e-152,	23.2391920311267,cell_Endothelial,GSE157344
RPLP1,ENSG00000137818,	7.402210166005911e-261,	27.657333986258,cell_Endothelial,GSE157344
S100A11,ENSG00000163191,0.0,	80.9490824110065,cell_Endothelial,GSE157344
S100A8,ENSG00000143546,	4.59387903918954e-153,	23.2453593327878,cell_Endothelial,GSE157344
SLCO2A1,ENSG00000174640,	8.42293763603712e-06,	-27.9324946957255,cell_Endothelial,GSE157344
SOD2,ENSG00000112096,	1.66651527571335e-09,	32.2520883391088,cell_Endothelial,GSE157344
SRGN,ENSG00000122862,	8.157156223509541e-20,	36.9556658418631,cell_Endothelial,GSE157344
SYN3,ENSG00000185666,	0.0005817495431861,	-53.8996039993873,cell_Endothelial,GSE157344
TIMP3,ENSG00000100234,	1.64955288387771e-06,	-108.796684546032,cell_Endothelial,GSE157344
TMSB4X,ENSG00000205542,	1.7198873198330599e-40,	44.4162923859128,cell_Endothelial,GSE157344
TMTC1,ENSG00000133687,	0.0008270402314826,	-27.9327732193855,cell_Endothelial,GSE157344
TPT1,ENSG00000133112,	3.26169024920794e-99,	28.8057863308278,cell_Endothelial,GSE157344
VIM,ENSG00000026025,	8.11850830539221e-16,	56.4185774366353,cell_Endothelial,GSE157344
WWTR1,ENSG00000018408,	0.0004439303926262,	-29.3741430432395,cell_Endothelial,GSE157344
AC092640.1,AC092640.1,	1.20760637489332e-101,	-38.2939226607082,cell_Epithelial,GSE157344
AC096564.1,AC096564.1,	1.03517636505282e-138,	-51.3553048312414,cell_Epithelial,GSE157344
ACSL4,ENSG00000068366,	1.5102992331483502e-97,	-28.8240564448536,cell_Epithelial,GSE157344
ACTB,ENSG00000075624,0.0,	127.224688995026,cell_Epithelial,GSE157344
AGBL1,ENSG00000273540,	1.17238906761581e-214,	-45.5012646484389,cell_Epithelial,GSE157344
AKAP13,ENSG00000170776,0.0,	-30.4601588176447,cell_Epithelial,GSE157344
AL133268.4,AL133268.4,	1.47993001002074e-132,	-63.8300631482195,cell_Epithelial,GSE157344
ANK3,ENSG00000151150,0.0,	-45.0091481289623,cell_Epithelial,GSE157344
ATF7IP2,ENSG00000166669,	1.46073373101942e-81,	-51.5543475925982,cell_Epithelial,GSE157344
ATP13A4,ENSG00000127249,	2.7137820007926097e-306,	-52.779259780822,cell_Epithelial,GSE157344
B2M,ENSG00000166710,0.0,	126.627258278288,cell_Epithelial,GSE157344
BTBD9,ENSG00000183826,0.0,	-31.2245023070281,cell_Epithelial,GSE157344
C20orf85,ENSG00000124237,0.0,	60.1354128620097,cell_Epithelial,GSE157344
CAMK1D,ENSG00000183049,	3.91603431550322e-168,	-43.9106034061107,cell_Epithelial,GSE157344
CAPS,ENSG00000105519,0.0,	52.9302688609602,cell_Epithelial,GSE157344
CXCL8,ENSG00000169429,0.0,	305.776888890265,cell_Epithelial,GSE157344
DLG2,ENSG00000150672,	4.6967187525031896e-262,	-35.717017190236,cell_Epithelial,GSE157344
DNAH12,ENSG00000174844,	2.0495284236098495e-230,	-32.2922712194348,cell_Epithelial,GSE157344
ELL2,ENSG00000118985,	3.68116323667853e-118,	-36.5689341762168,cell_Epithelial,GSE157344
EMP2,ENSG00000213853,	4.80771016675734e-83,	-39.0361863258966,cell_Epithelial,GSE157344
ERBB4,ENSG00000178568,	7.512988757188059e-268,	-35.3427375457666,cell_Epithelial,GSE157344
FOS,ENSG00000170345,	1.0101548084026e-70,	55.1222398216706,cell_Epithelial,GSE157344
FTH1,ENSG00000167996,0.0,	557.004333947184,cell_Epithelial,GSE157344
FTL,ENSG00000087086,0.0,	476.357931862592,cell_Epithelial,GSE157344
FTO,ENSG00000140718,	2.31587851120498e-157,	-54.5683358206959,cell_Epithelial,GSE157344
G0S2,ENSG00000123689,0.0,	57.3146432760974,cell_Epithelial,GSE157344
GPC5,ENSG00000179399,	5.85856555041532e-255,	-57.1868893956179,cell_Epithelial,GSE157344
IFITM2,ENSG00000185201,0.0,	53.1991382011383,cell_Epithelial,GSE157344
KHDRBS2,ENSG00000112232,	1.77728504399815e-148,	-43.7659434809342,cell_Epithelial,GSE157344
LAMA3,ENSG00000053747,	5.3395529021356105e-201,	-29.6059162410375,cell_Epithelial,GSE157344
LCN2,ENSG00000148346,0.0,	163.024669943543,cell_Epithelial,GSE157344
LHFPL3,ENSG00000187416,	7.25631597016795e-153,	-35.4387597543055,cell_Epithelial,GSE157344
LIMCH1,ENSG00000064042,0.0,	-65.5552031752806,cell_Epithelial,GSE157344
LMO7,ENSG00000136153,	2.51055233569776e-300,	-36.0595453606706,cell_Epithelial,GSE157344
LRRK2,ENSG00000188906,	1.7417950696160104e-196,	-63.0462919903306,cell_Epithelial,GSE157344
MACROD2,ENSG00000172264,0.0,	-97.4955010085818,cell_Epithelial,GSE157344
MAGI3,ENSG00000081026,0.0,	-29.6599085085427,cell_Epithelial,GSE157344
MALAT1,ENSG00000251562,	4.02720674088175e-105,	293.139530077606,cell_Epithelial,GSE157344
MARCKS,ENSG00000277443,0.0,	48.6395425136335,cell_Epithelial,GSE157344
MBNL1,ENSG00000152601,0.0,	-47.818251878591,cell_Epithelial,GSE157344
MT-ATP6,ENSG00000198899,0.0,	163.144204947889,cell_Epithelial,GSE157344
MT-CO1,ENSG00000198804,0.0,	282.72592941767,cell_Epithelial,GSE157344
MT-CO2,ENSG00000198712,0.0,	205.119153214642,cell_Epithelial,GSE157344
MT-CO3,ENSG00000198938,0.0,	145.913140871434,cell_Epithelial,GSE157344
MT-CYB,ENSG00000198727,0.0,	123.831220504923,cell_Epithelial,GSE157344
MT-ND1,ENSG00000198888,0.0,	72.5965655605815,cell_Epithelial,GSE157344
MT-ND2,ENSG00000198763,0.0,	235.270956572635,cell_Epithelial,GSE157344
MT-ND3,ENSG00000198840,0.0,	155.985275234895,cell_Epithelial,GSE157344
MT-ND4,ENSG00000198886,0.0,	108.284514091886,cell_Epithelial,GSE157344
MT-ND5,ENSG00000198786,0.0,	71.6236749545967,cell_Epithelial,GSE157344
MTRNR2L12,ENSG00000269028,0.0,	157.230626652511,cell_Epithelial,GSE157344
MTRNR2L8,ENSG00000255823,0.0,	154.258297866375,cell_Epithelial,GSE157344
NCKAP5,ENSG00000176771,	1.86831068813478e-147,	-127.735784305444,cell_Epithelial,GSE157344
NEAT1,ENSG00000245532,	0.0088882442544084,	62.308323534277,cell_Epithelial,GSE157344
NFKBIA,ENSG00000100906,	9.72901403059595e-121,	55.4412469616666,cell_Epithelial,GSE157344
NTM,ENSG00000182667,	7.33764657795289e-101,	-253.251911359084,cell_Epithelial,GSE157344
OMG,ENSG00000126861,0.0,	51.4802826273502,cell_Epithelial,GSE157344
P3H2,ENSG00000090530,	5.5684491292457597e-244,	-38.2954536082233,cell_Epithelial,GSE157344
PDE4D,ENSG00000113448,0.0,	-90.1089793467785,cell_Epithelial,GSE157344
PTPRG,ENSG00000144724,	1.53176430920874e-274,	-46.5000780387229,cell_Epithelial,GSE157344
ROS1,ENSG00000047936,	2.012377985588e-235,	-26.8108096444777,cell_Epithelial,GSE157344
RP1,ENSG00000104237,	0.034334092987566,	-34.1810351772116,cell_Epithelial,GSE157344
RTKN2,ENSG00000182010,	5.76044197485982e-110,	-38.4709681320955,cell_Epithelial,GSE157344
S100A11,ENSG00000163191,0.0,	68.0764610873488,cell_Epithelial,GSE157344
S100A6,ENSG00000197956,0.0,	164.39011901752,cell_Epithelial,GSE157344
S100A8,ENSG00000143546,0.0,	240.538462977985,cell_Epithelial,GSE157344
S100A9,ENSG00000163220,0.0,	200.596572708588,cell_Epithelial,GSE157344
SAA1,ENSG00000173432,0.0,	348.705392445729,cell_Epithelial,GSE157344
SAA2,ENSG00000134339,0.0,	166.663437498097,cell_Epithelial,GSE157344
SAT1,ENSG00000130066,0.0,	76.2037591513713,cell_Epithelial,GSE157344
SFTPC,ENSG00000168484,	7.4074831009941e-148,	235.431727940997,cell_Epithelial,GSE157344
SGMS2,ENSG00000164023,	3.35930325518843e-156,	-50.562077721867,cell_Epithelial,GSE157344
SLC4A4,ENSG00000080493,	1.7181255087983298e-126,	-29.6264513955131,cell_Epithelial,GSE157344
SLPI,ENSG00000124107,0.0,	147.357224756158,cell_Epithelial,GSE157344
SOD2,ENSG00000112096,	7.2868345948863e-236,	132.257671861442,cell_Epithelial,GSE157344
SOX5,ENSG00000134532,0.0,	-26.8014111305493,cell_Epithelial,GSE157344
SPAG16,ENSG00000144451,	7.44238046664479e-52,	-30.5059836940533,cell_Epithelial,GSE157344
SRGN,ENSG00000122862,0.0,	117.900494875139,cell_Epithelial,GSE157344
SYNE1,ENSG00000131018,	4.527109654599e-273,	-66.9010683194551,cell_Epithelial,GSE157344
TACC1,ENSG00000147526,	4.90036993878662e-252,	-29.4283797532465,cell_Epithelial,GSE157344
TMEM190,ENSG00000160472,0.0,	61.4359184888194,cell_Epithelial,GSE157344
TMSB4X,ENSG00000205542,0.0,	99.0005039291425,cell_Epithelial,GSE157344
VIM,ENSG00000026025,0.0,	60.177606688219,cell_Epithelial,GSE157344
WFDC2,ENSG00000101443,0.0,	105.751722074184,cell_Epithelial,GSE157344
WSB1,ENSG00000109046,	3.09709954403821e-264,	-30.8046313697088,cell_Epithelial,GSE157344
ZNF385B,ENSG00000144331,0.0,	-68.5882659815008,cell_Epithelial,GSE157344
ANK2,ENSG00000145362,	2.70758216643123e-218,	-40.2210621824818,cell_Fibroblasts,GSE157344
B2M,ENSG00000166710,0.0,	160.441587083651,cell_Fibroblasts,GSE157344
C7,ENSG00000112936,	3.2590292067956e-194,	-49.849488828614,cell_Fibroblasts,GSE157344
CALD1,ENSG00000122786,0.0,	-52.7340222813902,cell_Fibroblasts,GSE157344
CCL3,ENSG00000277632,0.0,	202.322577096077,cell_Fibroblasts,GSE157344
CCL3L3,ENSG00000276085,0.0,	160.488417051316,cell_Fibroblasts,GSE157344
CCL4,ENSG00000275302,0.0,	205.201606145224,cell_Fibroblasts,GSE157344
CCL4L2,ENSG00000276070,0.0,	185.013700993618,cell_Fibroblasts,GSE157344
COL1A2,ENSG00000164692,0.0,	-169.59317544973,cell_Fibroblasts,GSE157344
COL3A1,ENSG00000168542,	1.11308562565788e-208,	-85.5680553530428,cell_Fibroblasts,GSE157344
COL6A3,ENSG00000163359,0.0,	-39.2659222491381,cell_Fibroblasts,GSE157344
CRISPLD2,ENSG00000103196,	2.39978247244238e-222,	-40.8218864198948,cell_Fibroblasts,GSE157344
CXCL8,ENSG00000169429,0.0,	738.941229007323,cell_Fibroblasts,GSE157344
DNAJB1,ENSG00000132002,0.0,	148.903145525035,cell_Fibroblasts,GSE157344
DPYSL3,ENSG00000113657,	1.08790124547049e-300,	-41.2560133789421,cell_Fibroblasts,GSE157344
EBF1,ENSG00000164330,	4.74409573588111e-227,	-42.6354135349726,cell_Fibroblasts,GSE157344
ELN,ENSG00000049540,0.0,	-119.097765931961,cell_Fibroblasts,GSE157344
FTH1,ENSG00000167996,0.0,	402.986133258376,cell_Fibroblasts,GSE157344
FTL,ENSG00000087086,0.0,	491.510444885316,cell_Fibroblasts,GSE157344
GAS7,ENSG00000007237,	7.3025564986278e-150,	-74.1173072253793,cell_Fibroblasts,GSE157344
GLIS3,ENSG00000107249,	4.81044929492881e-173,	-39.747488525522,cell_Fibroblasts,GSE157344
GPC6,ENSG00000183098,	5.21540109663567e-259,	-46.9641416636861,cell_Fibroblasts,GSE157344
HSP90AA1,ENSG00000080824,0.0,	241.923998012101,cell_Fibroblasts,GSE157344
HSP90AB1,ENSG00000096384,0.0,	117.033492987012,cell_Fibroblasts,GSE157344
HSPA1A,ENSG00000204389,0.0,	447.303303287083,cell_Fibroblasts,GSE157344
HSPA1B,ENSG00000204388,0.0,	238.350092544667,cell_Fibroblasts,GSE157344
HSPA6,ENSG00000173110,0.0,	333.600260442391,cell_Fibroblasts,GSE157344
ITGBL1,ENSG00000198542,	6.78331227726089e-228,	-68.6044984922435,cell_Fibroblasts,GSE157344
KAZN,ENSG00000189337,	3.77791390580685e-288,	-45.5118812865142,cell_Fibroblasts,GSE157344
LAMA2,ENSG00000196569,0.0,	-72.9416258230726,cell_Fibroblasts,GSE157344
LSAMP,ENSG00000185565,0.0,	-49.8532154114541,cell_Fibroblasts,GSE157344
MACF1,ENSG00000127603,0.0,	-60.7833817739505,cell_Fibroblasts,GSE157344
MALAT1,ENSG00000251562,	1.84164700907379e-25,inf,cell_Fibroblasts,GSE157344
MT-ATP6,ENSG00000198899,0.0,	158.228585694517,cell_Fibroblasts,GSE157344
MT-CO1,ENSG00000198804,0.0,	230.375132288156,cell_Fibroblasts,GSE157344
MT-CO2,ENSG00000198712,0.0,	145.445531128716,cell_Fibroblasts,GSE157344
MT-CO3,ENSG00000198938,0.0,	171.211111351149,cell_Fibroblasts,GSE157344
MT-CYB,ENSG00000198727,0.0,	113.523523246718,cell_Fibroblasts,GSE157344
MT2A,ENSG00000125148,	4.41680720193526e-27,	130.903026472318,cell_Fibroblasts,GSE157344
NAV3,ENSG00000067798,0.0,	-46.9630139476946,cell_Fibroblasts,GSE157344
NEAT1,ENSG00000245532,0.0,	350.12622649567,cell_Fibroblasts,GSE157344
NFATC2,ENSG00000101096,	1.7934460955053602e-148,	-58.6846002185094,cell_Fibroblasts,GSE157344
PRKG1,ENSG00000185532,0.0,	-67.1633213446328,cell_Fibroblasts,GSE157344
ROBO2,ENSG00000185008,0.0,	-93.1292554158057,cell_Fibroblasts,GSE157344
S100A8,ENSG00000143546,0.0,	423.053019108106,cell_Fibroblasts,GSE157344
S100A9,ENSG00000163220,0.0,	274.461325282638,cell_Fibroblasts,GSE157344
SAMD4A,ENSG00000020577,0.0,	-38.3497630899022,cell_Fibroblasts,GSE157344
SAT1,ENSG00000130066,0.0,	121.853242406619,cell_Fibroblasts,GSE157344
SDK1,ENSG00000146555,0.0,	-43.7621780906387,cell_Fibroblasts,GSE157344
SERPINE1,ENSG00000106366,	5.69568678840688e-63,	-99.9688329598948,cell_Fibroblasts,GSE157344
SLIT2,ENSG00000145147,0.0,	-98.8961045215244,cell_Fibroblasts,GSE157344
SLIT3,ENSG00000184347,0.0,	-52.7327383124192,cell_Fibroblasts,GSE157344
SOD2,ENSG00000112096,0.0,	149.486697827773,cell_Fibroblasts,GSE157344
TACC1,ENSG00000147526,	4.11498974614292e-284,	-66.6964280057193,cell_Fibroblasts,GSE157344
TIMP1,ENSG00000102265,0.0,	183.400499153749,cell_Fibroblasts,GSE157344
TIMP3,ENSG00000100234,0.0,	-202.770147465529,cell_Fibroblasts,GSE157344
VIM,ENSG00000026025,0.0,	114.842770732018,cell_Fibroblasts,GSE157344
ABCG1,ENSG00000160179,	9.43560733094769e-26,	-27.0956533731354,cell_Macrophages,GSE157344
AC092691.1,AC092691.1,0.0,	-38.1682874882521,cell_Macrophages,GSE157344
AKAP13,ENSG00000170776,0.0,	-25.2246135026433,cell_Macrophages,GSE157344
ALCAM,ENSG00000170017,0.0,	-42.9962855195206,cell_Macrophages,GSE157344
ANKUB1,ENSG00000206199,0.0,	-21.4918512928532,cell_Macrophages,GSE157344
APOC1,ENSG00000130208,0.0,	187.136751367723,cell_Macrophages,GSE157344
APOE,ENSG00000130203,0.0,	120.161146040813,cell_Macrophages,GSE157344
ATP10A,ENSG00000206190,0.0,	-20.8477255849421,cell_Macrophages,GSE157344
ATP1B3,ENSG00000069849,	6.89888739459715e-55,	-40.0324518864806,cell_Macrophages,GSE157344
B2M,ENSG00000166710,0.0,	87.0484068269676,cell_Macrophages,GSE157344
CCL18,ENSG00000275385,	2.6649596968395e-209,	283.048275765882,cell_Macrophages,GSE157344
CCL2,ENSG00000108691,0.0,	487.149062951558,cell_Macrophages,GSE157344
CCL20,ENSG00000115009,0.0,	257.730067468849,cell_Macrophages,GSE157344
CCL3,ENSG00000277632,0.0,	261.535436244472,cell_Macrophages,GSE157344
CCL3L3,ENSG00000276085,0.0,	207.270358619284,cell_Macrophages,GSE157344
CCL4,ENSG00000275302,0.0,	225.577532052857,cell_Macrophages,GSE157344
CCL4L2,ENSG00000276070,0.0,	194.090672848541,cell_Macrophages,GSE157344
CHST11,ENSG00000171310,0.0,	-52.2159680994176,cell_Macrophages,GSE157344
CST3,ENSG00000101439,0.0,	136.092923807665,cell_Macrophages,GSE157344
CXCL2,ENSG00000081041,0.0,	109.930412678943,cell_Macrophages,GSE157344
CXCL3,ENSG00000163734,0.0,	178.476384042577,cell_Macrophages,GSE157344
CXCL8,ENSG00000169429,0.0,	815.160252124344,cell_Macrophages,GSE157344
FMN1,ENSG00000248905,0.0,	-27.9975955365987,cell_Macrophages,GSE157344
FMNL2,ENSG00000157827,0.0,	-40.7585489374923,cell_Macrophages,GSE157344
FNDC3B,ENSG00000075420,0.0,	-36.5673265913858,cell_Macrophages,GSE157344
FTH1,ENSG00000167996,0.0,	626.381906726056,cell_Macrophages,GSE157344
FTL,ENSG00000087086,0.0,inf,cell_Macrophages,GSE157344
GLDN,ENSG00000186417,	5.93980748687837e-95,	-36.6805998530563,cell_Macrophages,GSE157344
HLA-DRA,ENSG00000204287,0.0,	113.97274631909,cell_Macrophages,GSE157344
HMOX1,ENSG00000100292,0.0,	102.662353814778,cell_Macrophages,GSE157344
HSP90AA1,ENSG00000080824,0.0,	147.418725295068,cell_Macrophages,GSE157344
IFI27,ENSG00000165949,0.0,	129.310064216368,cell_Macrophages,GSE157344
IL1B,ENSG00000125538,0.0,	152.30526062531,cell_Macrophages,GSE157344
ISG15,ENSG00000187608,0.0,	161.061228235648,cell_Macrophages,GSE157344
KCNMA1,ENSG00000156113,0.0,	-30.1933384390744,cell_Macrophages,GSE157344
LPP,ENSG00000145012,0.0,	-27.9588575729338,cell_Macrophages,GSE157344
LRMDA,ENSG00000148655,0.0,	-25.3002134535894,cell_Macrophages,GSE157344
LSAMP,ENSG00000185565,0.0,	-101.645540873204,cell_Macrophages,GSE157344
MALAT1,ENSG00000251562,	4.98120540626817e-72,inf,cell_Macrophages,GSE157344
MBNL1,ENSG00000152601,0.0,	-24.7328107559628,cell_Macrophages,GSE157344
MRC1,ENSG00000260314,	2.99131867244209e-95,	-25.68665122996,cell_Macrophages,GSE157344
MT-ATP6,ENSG00000198899,0.0,	158.946547507323,cell_Macrophages,GSE157344
MT-CO1,ENSG00000198804,0.0,	170.497134567634,cell_Macrophages,GSE157344
MT-CO2,ENSG00000198712,0.0,	160.419076942641,cell_Macrophages,GSE157344
MT-CO3,ENSG00000198938,0.0,	114.190175654437,cell_Macrophages,GSE157344
MT-CYB,ENSG00000198727,0.0,	83.5937695301201,cell_Macrophages,GSE157344
MT-ND2,ENSG00000198763,0.0,	115.266803004283,cell_Macrophages,GSE157344
MT-ND3,ENSG00000198840,0.0,	87.9212050113537,cell_Macrophages,GSE157344
MT2A,ENSG00000125148,	5.0160731724085803e-300,	387.250748035792,cell_Macrophages,GSE157344
NHSL1,ENSG00000135540,0.0,	-35.2799948573981,cell_Macrophages,GSE157344
PLXDC2,ENSG00000120594,0.0,	-30.1471837155064,cell_Macrophages,GSE157344
PPARG,ENSG00000132170,	1.47464825751748e-216,	-42.1042795238282,cell_Macrophages,GSE157344
RAB7A,ENSG00000075785,	0.0048086307296252,	-24.8604736322422,cell_Macrophages,GSE157344
RABGAP1L,ENSG00000152061,0.0,	-28.0439676161417,cell_Macrophages,GSE157344
RBPJ,ENSG00000168214,0.0,	-110.749015447716,cell_Macrophages,GSE157344
RNF144B,ENSG00000137393,0.0,	-21.4350136012903,cell_Macrophages,GSE157344
RUNX1,ENSG00000159216,0.0,	-21.8470559334032,cell_Macrophages,GSE157344
S100A8,ENSG00000143546,0.0,	198.066745432267,cell_Macrophages,GSE157344
S100A9,ENSG00000163220,0.0,	207.978145054262,cell_Macrophages,GSE157344
SIPA1L1,ENSG00000197555,0.0,	-29.7161059633005,cell_Macrophages,GSE157344
SLC16A10,ENSG00000112394,	5.22832223510146e-73,	-28.6249165444061,cell_Macrophages,GSE157344
SLC8A1,ENSG00000183023,0.0,	-33.9933074567114,cell_Macrophages,GSE157344
SLC9A9,ENSG00000181804,0.0,	-26.6059679269414,cell_Macrophages,GSE157344
SOD2,ENSG00000112096,0.0,	131.540601662376,cell_Macrophages,GSE157344
SPP1,ENSG00000118785,0.0,	472.041779695253,cell_Macrophages,GSE157344
SPRED1,ENSG00000166068,	3.85677399548425e-291,	-21.8082308176877,cell_Macrophages,GSE157344
TBXAS1,ENSG00000059377,0.0,	-23.3620620123793,cell_Macrophages,GSE157344
TCF7L2,ENSG00000148737,0.0,	-21.0771401522752,cell_Macrophages,GSE157344
TFEC,ENSG00000105967,	6.3810774475286e-76,	-24.9086805106745,cell_Macrophages,GSE157344
TIMP1,ENSG00000102265,0.0,	185.5537370802,cell_Macrophages,GSE157344
TMSB4X,ENSG00000205542,0.0,	92.6131620643517,cell_Macrophages,GSE157344
TPRG1,ENSG00000188001,0.0,	-28.0949608899266,cell_Macrophages,GSE157344
TRPS1,ENSG00000104447,0.0,	-22.7673558494174,cell_Macrophages,GSE157344
TXN,ENSG00000136810,0.0,	100.311027674153,cell_Macrophages,GSE157344
ZEB2,ENSG00000169554,0.0,	-23.3144645540461,cell_Macrophages,GSE157344
AC092979.1,AC092979.1,	6.50660733152525e-22,	-13.2572543313885,cell_Mast,GSE157344
ACTB,ENSG00000075624,	6.41404567820151e-108,	45.8495586348798,cell_Mast,GSE157344
AKAP13,ENSG00000170776,	5.942787759655601e-32,	-23.1246169710047,cell_Mast,GSE157344
AL163541.1,AL163541.1,	4.64020295621804e-11,	-20.0173581173225,cell_Mast,GSE157344
AL355612.1,AL355612.1,	2.0055881123961503e-09,	-12.3280352629157,cell_Mast,GSE157344
ANKRD28,ENSG00000206560,	0.0398657900954486,	-11.9645934266975,cell_Mast,GSE157344
APOC1,ENSG00000130208,	1.33565249055327e-32,	42.9588700323011,cell_Mast,GSE157344
ARID1B,ENSG00000049618,	7.70253735169922e-22,	-14.1260037460774,cell_Mast,GSE157344
B2M,ENSG00000166710,	3.9792564439395803e-44,	43.4737633629009,cell_Mast,GSE157344
CD69,ENSG00000110848,	9.414323009680093e-19,	25.199796007549,cell_Mast,GSE157344
CHST11,ENSG00000171310,	6.700838603800551e-20,	-12.4082513271164,cell_Mast,GSE157344
CPA3,ENSG00000163751,	7.63848424210894e-08,	60.3765859864855,cell_Mast,GSE157344
CPM,ENSG00000135678,	5.428050705838109e-16,	-12.6942367935374,cell_Mast,GSE157344
EEF1A1,ENSG00000156508,	8.540817433580642e-110,	26.8043040320837,cell_Mast,GSE157344
ELL2,ENSG00000118985,	6.34490654248609e-06,	-13.133724567618,cell_Mast,GSE157344
FER,ENSG00000151422,	1.1857748519407399e-28,	-15.4032781916811,cell_Mast,GSE157344
FOS,ENSG00000170345,	1.42374312399348e-68,	56.6232920110126,cell_Mast,GSE157344
FOXP1,ENSG00000114861,	1.1647622781040102e-19,	-12.6533158510692,cell_Mast,GSE157344
FTH1,ENSG00000167996,	1.51468112022001e-42,	165.398979530277,cell_Mast,GSE157344
FTL,ENSG00000087086,	1.86446671615397e-50,	115.252148480273,cell_Mast,GSE157344
GATA2,ENSG00000179348,	6.01676443625789e-19,	26.4858318711968,cell_Mast,GSE157344
H3F3B,H3F3B,	2.48568185384447e-65,	30.6190215129324,cell_Mast,GSE157344
IER3,ENSG00000137331,	1.86985496195812e-45,	27.0314687208747,cell_Mast,GSE157344
JUN,ENSG00000177606,	7.9648651191632e-83,	48.7049375235272,cell_Mast,GSE157344
KIT,ENSG00000157404,	1.3763542944046601e-17,	-11.9058654866375,cell_Mast,GSE157344
KLF6,ENSG00000067082,	4.18648061443567e-70,	23.2865607134105,cell_Mast,GSE157344
LINC02147,ENSG00000249797,	2.02966179508089e-08,	-15.6604813805397,cell_Mast,GSE157344
LMNA,ENSG00000160789,	1.80443075333327e-12,	-12.555889629187,cell_Mast,GSE157344
LRMDA,ENSG00000148655,	6.798208557343379e-33,	-15.4718457454158,cell_Mast,GSE157344
MALAT1,ENSG00000251562,	1.98140738303781e-24,	171.575135682465,cell_Mast,GSE157344
MBNL1,ENSG00000152601,	3.58519320854036e-12,	-12.6304321171965,cell_Mast,GSE157344
MT-ATP6,ENSG00000198899,	6.74758380898411e-50,	147.049127764532,cell_Mast,GSE157344
MT-CO1,ENSG00000198804,	2.1302548918117295e-57,	148.475960035851,cell_Mast,GSE157344
MT-CO2,ENSG00000198712,	2.48836210382117e-50,	100.882798141804,cell_Mast,GSE157344
MT-CO3,ENSG00000198938,	2.0320649348922304e-60,	130.491850425774,cell_Mast,GSE157344
MT-CYB,ENSG00000198727,	1.14428528667038e-77,	95.7006762336381,cell_Mast,GSE157344
MT-ND2,ENSG00000198763,	1.33165730093107e-57,	76.7803715526468,cell_Mast,GSE157344
MT-ND3,ENSG00000198840,	3.62292169541445e-42,	71.2704239673498,cell_Mast,GSE157344
MT-ND4,ENSG00000198886,	9.24670749650449e-63,	76.546975447507,cell_Mast,GSE157344
NDEL1,ENSG00000166579,	1.10142618075567e-05,	-16.8976444069429,cell_Mast,GSE157344
NFKBIA,ENSG00000100906,	4.30909283314576e-63,	44.3220171254008,cell_Mast,GSE157344
NTM,ENSG00000182667,	2.82665378594202e-22,	-120.836361672215,cell_Mast,GSE157344
RGS1,ENSG00000090104,	2.97110568939163e-14,	26.2912661067189,cell_Mast,GSE157344
RPL10,ENSG00000147403,	2.07946836560524e-100,	24.3340726516418,cell_Mast,GSE157344
S100A11,ENSG00000163191,	8.216496331672309e-77,	22.7762061060535,cell_Mast,GSE157344
SAT1,ENSG00000130066,	7.729367572763189e-33,	69.0268359114985,cell_Mast,GSE157344
SLC24A3,ENSG00000185052,	6.13510374094772e-38,	-32.3249579338495,cell_Mast,GSE157344
SMYD3,ENSG00000185420,	2.53755787343795e-27,	-27.0666645508392,cell_Mast,GSE157344
SYTL3,ENSG00000164674,	2.86276414230962e-19,	-14.2589482901481,cell_Mast,GSE157344
TMSB4X,ENSG00000205542,	2.60609006591565e-85,	32.9530355564922,cell_Mast,GSE157344
TPSAB1,ENSG00000172236,	4.58311996174797e-52,	254.889283304536,cell_Mast,GSE157344
TPSB2,ENSG00000197253,	2.11851466478448e-31,	171.217336818404,cell_Mast,GSE157344
VIM,ENSG00000026025,	1.40718899146813e-55,	59.3903219165751,cell_Mast,GSE157344
ZBTB20,ENSG00000181722,	2.85585807681159e-31,	-13.8218748985387,cell_Mast,GSE157344
AKAP13,ENSG00000170776,0.0,	-16.6894367806365,cell_Neutrophils,GSE157344
AL133268.4,AL133268.4,0.0,	-61.5433678648381,cell_Neutrophils,GSE157344
ALCAM,ENSG00000170017,0.0,	-34.1211143161437,cell_Neutrophils,GSE157344
ANK3,ENSG00000151150,0.0,	-21.6852939127638,cell_Neutrophils,GSE157344
ANKRD36C,ENSG00000174501,0.0,	-46.572016808694,cell_Neutrophils,GSE157344
ANXA2,ENSG00000182718,0.0,	-15.9474673742201,cell_Neutrophils,GSE157344
ATF7IP2,ENSG00000166669,0.0,	-30.2516719489509,cell_Neutrophils,GSE157344
ATP11A,ENSG00000068650,0.0,	-25.1789440131089,cell_Neutrophils,GSE157344
B2M,ENSG00000166710,0.0,	154.930679923127,cell_Neutrophils,GSE157344
BTBD9,ENSG00000183826,0.0,	-15.4376566410136,cell_Neutrophils,GSE157344
CAMK1D,ENSG00000183049,	5.01298102078923e-165,	-18.092509082481,cell_Neutrophils,GSE157344
CCL3,ENSG00000277632,	2.64765562001031e-61,	270.56839462778,cell_Neutrophils,GSE157344
CCL3L3,ENSG00000276085,	1.3113601492541e-56,	211.417897951333,cell_Neutrophils,GSE157344
CCL4,ENSG00000275302,	2.73459474755481e-58,	362.896527119576,cell_Neutrophils,GSE157344
CCL4L2,ENSG00000276070,	1.37392523262186e-49,	321.062721059989,cell_Neutrophils,GSE157344
CDK14,ENSG00000058091,0.0,	-15.293023276982,cell_Neutrophils,GSE157344
CXCL8,ENSG00000169429,0.0,	796.516435802912,cell_Neutrophils,GSE157344
EFNA5,ENSG00000184349,0.0,	-25.4808084072993,cell_Neutrophils,GSE157344
EGFR,ENSG00000146648,0.0,	-24.0249465505029,cell_Neutrophils,GSE157344
ERBB4,ENSG00000178568,0.0,	-20.708339331019,cell_Neutrophils,GSE157344
FAM155A,FAM155A,0.0,	-21.3320586278108,cell_Neutrophils,GSE157344
FTH1,ENSG00000167996,0.0,	794.574291994858,cell_Neutrophils,GSE157344
FTL,ENSG00000087086,0.0,inf,cell_Neutrophils,GSE157344
FTO,ENSG00000140718,0.0,	-16.8122079017129,cell_Neutrophils,GSE157344
G0S2,ENSG00000123689,	2.56219279988419e-226,	181.191398978484,cell_Neutrophils,GSE157344
GLIS3,ENSG00000107249,0.0,	-15.5859872475822,cell_Neutrophils,GSE157344
GMDS,ENSG00000112699,0.0,	-27.0132418070708,cell_Neutrophils,GSE157344
GPC5,ENSG00000179399,0.0,	-71.6386374474754,cell_Neutrophils,GSE157344
H3F3B,H3F3B,	6.93733470757654e-301,	190.416993345929,cell_Neutrophils,GSE157344
IL1B,ENSG00000125538,	6.9899541375752e-99,	199.876361735647,cell_Neutrophils,GSE157344
KHDRBS2,ENSG00000112232,0.0,	-18.5182602968702,cell_Neutrophils,GSE157344
LIMCH1,ENSG00000064042,0.0,	-19.9353264138179,cell_Neutrophils,GSE157344
LINC00342,ENSG00000232931,0.0,	-87.5038064476087,cell_Neutrophils,GSE157344
LMO7,ENSG00000136153,0.0,	-24.0970778523175,cell_Neutrophils,GSE157344
LRRK2,ENSG00000188906,	1.9302099326206e-07,	-18.4989561722291,cell_Neutrophils,GSE157344
MACROD2,ENSG00000172264,0.0,	-113.476466065378,cell_Neutrophils,GSE157344
MAGI3,ENSG00000081026,0.0,	-24.0318170254748,cell_Neutrophils,GSE157344
MALAT1,ENSG00000251562,	6.12071651485843e-10,inf,cell_Neutrophils,GSE157344
MECOM,ENSG00000085276,0.0,	-19.2737912463182,cell_Neutrophils,GSE157344
MT-ATP6,ENSG00000198899,	1.10817901509127e-128,	204.741372879965,cell_Neutrophils,GSE157344
MT-CO1,ENSG00000198804,	5.78683912357583e-58,	307.883434982239,cell_Neutrophils,GSE157344
MT-CO2,ENSG00000198712,	1.1445628579520301e-167,	235.42162320023,cell_Neutrophils,GSE157344
MT-CO3,ENSG00000198938,	2.3234569015768505e-113,	254.527785292635,cell_Neutrophils,GSE157344
MT-ND2,ENSG00000198763,	1.8356139804796496e-134,	236.365371369934,cell_Neutrophils,GSE157344
MTRNR2L8,ENSG00000255823,	5.874420260287861e-167,	189.62234662428,cell_Neutrophils,GSE157344
NCKAP5,ENSG00000176771,0.0,	-54.3262276633195,cell_Neutrophils,GSE157344
NEAT1,ENSG00000245532,	7.132316775333131e-233,	412.885531705392,cell_Neutrophils,GSE157344
NEDD4L,ENSG00000049759,0.0,	-19.0086675256316,cell_Neutrophils,GSE157344
NTN4,ENSG00000074527,0.0,	-26.9141644701404,cell_Neutrophils,GSE157344
PDE4D,ENSG00000113448,0.0,	-37.1524048285017,cell_Neutrophils,GSE157344
PI3,ENSG00000124102,	2.63645245413599e-65,	512.941161497126,cell_Neutrophils,GSE157344
PTPRG,ENSG00000144724,0.0,	-17.3321013240116,cell_Neutrophils,GSE157344
PTPRN2,ENSG00000155093,0.0,	-21.1012467779882,cell_Neutrophils,GSE157344
RBPJ,ENSG00000168214,	4.33665307759669e-14,	-15.8344432419731,cell_Neutrophils,GSE157344
RGS6,ENSG00000182732,0.0,	-19.8994909804147,cell_Neutrophils,GSE157344
RUNX1,ENSG00000159216,0.0,	-16.4926171938374,cell_Neutrophils,GSE157344
S100A8,ENSG00000143546,	4.34753314325978e-262,	606.716339155057,cell_Neutrophils,GSE157344
S100A9,ENSG00000163220,	1.40438851912202e-292,	430.707722198585,cell_Neutrophils,GSE157344
SAT1,ENSG00000130066,	8.820685114157439e-273,	222.519225273733,cell_Neutrophils,GSE157344
SFTPB,ENSG00000168878,0.0,	-83.3615238446154,cell_Neutrophils,GSE157344
SGPP2,ENSG00000163082,0.0,	-18.1945754253123,cell_Neutrophils,GSE157344
SLPI,ENSG00000124107,	2.02999739170046e-34,	242.798774934125,cell_Neutrophils,GSE157344
SOD2,ENSG00000112096,0.0,	180.176551559621,cell_Neutrophils,GSE157344
SOX5,ENSG00000134532,0.0,	-18.2999092941372,cell_Neutrophils,GSE157344
SSBP2,ENSG00000145687,0.0,	-39.8976972648556,cell_Neutrophils,GSE157344
SYNE1,ENSG00000131018,0.0,	-17.4068628957472,cell_Neutrophils,GSE157344
TMSB4X,ENSG00000205542,0.0,	198.353675958021,cell_Neutrophils,GSE157344
ZNF385B,ENSG00000144331,0.0,	-16.2135411978423,cell_Neutrophils,GSE157344
ACSL4,ENSG00000068366,	1.07530291615319e-08,	-13.8935135858005,cell_RBC,GSE157344
AKAP13,ENSG00000170776,	2.66435062911469e-07,	-8.66975371571407,cell_RBC,GSE157344
AL133268.4,AL133268.4,	6.10004431933683e-67,	-8.387745746052,cell_RBC,GSE157344
ALCAM,ENSG00000170017,	6.91973003302279e-06,	-13.3295205594342,cell_RBC,GSE157344
ANK3,ENSG00000151150,	3.15709927736336e-47,	-19.9312000313577,cell_RBC,GSE157344
CAMK1D,ENSG00000183049,	1.59025273135214e-08,	-12.5588630485431,cell_RBC,GSE157344
CARD11,ENSG00000198286,	4.75664886553407e-14,	-8.36909737626611,cell_RBC,GSE157344
CXCL8,ENSG00000169429,	0.0019479811061536,	392.454095786277,cell_RBC,GSE157344
DIAPH2,ENSG00000147202,	2.71283699727898e-14,	-8.30259354658961,cell_RBC,GSE157344
FTH1,ENSG00000167996,	0.0024057551861198,	291.650328174869,cell_RBC,GSE157344
FTL,ENSG00000087086,	7.77582688876257e-06,	377.812631123627,cell_RBC,GSE157344
HBA1,ENSG00000206172,	9.45343243166713e-05,inf,cell_RBC,GSE157344
HBA2,ENSG00000188536,	2.56471502358612e-06,inf,cell_RBC,GSE157344
HBB,ENSG00000244734,	4.07331118875149e-05,inf,cell_RBC,GSE157344
LRRK2,ENSG00000188906,	1.10713301594383e-05,	-8.08242536986328,cell_RBC,GSE157344
MACROD2,ENSG00000172264,	1.8905516624538702e-132,	-7.0587000495108,cell_RBC,GSE157344
MAGI1,ENSG00000151276,	2.3451323336551695e-79,	-7.03573371802791,cell_RBC,GSE157344
MALAT1,ENSG00000251562,	0.0100882794631911,inf,cell_RBC,GSE157344
MECOM,ENSG00000085276,	7.049631044189221e-73,	-9.99702945896045,cell_RBC,GSE157344
MSI2,ENSG00000153944,	3.82029409274956e-21,	-9.62213879245132,cell_RBC,GSE157344
MT-ATP6,ENSG00000198899,	0.0001364352416263,	173.932719170512,cell_RBC,GSE157344
MT-CO1,ENSG00000198804,	0.0040062909941122,	242.946300696432,cell_RBC,GSE157344
MT-CO3,ENSG00000198938,	0.000132026319534,	199.910805163909,cell_RBC,GSE157344
PATJ,ENSG00000132849,	9.66297845270928e-89,	-9.82058263400445,cell_RBC,GSE157344
PDE4D,ENSG00000113448,	7.29494103028676e-32,	-18.7908576396145,cell_RBC,GSE157344
PTPRG,ENSG00000144724,	1.41441251229134e-110,	-17.0294843064767,cell_RBC,GSE157344
PTPRN2,ENSG00000155093,	6.87883115709506e-33,	-8.44350921129751,cell_RBC,GSE157344
RAPGEF5,ENSG00000136237,	1.41441251229134e-110,	-8.41617344958704,cell_RBC,GSE157344
S100A8,ENSG00000143546,	0.0079059451697191,	358.081491554534,cell_RBC,GSE157344
S100A9,ENSG00000163220,	0.0032092528055551,	337.883760982089,cell_RBC,GSE157344
SFTPB,ENSG00000168878,	1.3801177776933601e-59,	-31.6323483049243,cell_RBC,GSE157344
SLC4A4,ENSG00000080493,	1.4709107908608196e-40,	-9.81166635426695,cell_RBC,GSE157344
SOX5,ENSG00000134532,	6.10004431933683e-67,	-7.14197297202121,cell_RBC,GSE157344
ZNF385B,ENSG00000144331,	6.10004431933683e-67,	-17.027845727984,cell_RBC,GSE157344
AC013652.1,AC013652.1,0.0,	-18.6329400201314,cell_T,GSE157344
ACTB,ENSG00000075624,0.0,	126.755826640548,cell_T,GSE157344
ANK3,ENSG00000151150,0.0,	-22.8559105285059,cell_T,GSE157344
AOAH,ENSG00000136250,0.0,	-19.1065665779263,cell_T,GSE157344
ARHGAP15,ENSG00000075884,0.0,	-18.5101331263321,cell_T,GSE157344
ATXN1,ENSG00000124788,0.0,	-15.7698565400473,cell_T,GSE157344
B2M,ENSG00000166710,0.0,	96.1011294031177,cell_T,GSE157344
BACH2,ENSG00000112182,	7.36982963574826e-255,	-43.2866660865967,cell_T,GSE157344
BCL2,ENSG00000171791,	6.27971879769656e-269,	-22.7731165551722,cell_T,GSE157344
CAMK1D,ENSG00000183049,0.0,	-15.6851814240248,cell_T,GSE157344
CBLB,ENSG00000114423,0.0,	-26.4988518434211,cell_T,GSE157344
CCL3,ENSG00000277632,	1.61184765025854e-224,	77.7838732353114,cell_T,GSE157344
CCL4,ENSG00000275302,0.0,	247.761038719726,cell_T,GSE157344
CCL5,ENSG00000271503,0.0,	112.998926497053,cell_T,GSE157344
CELF2,ENSG00000048740,0.0,	-19.111341290373,cell_T,GSE157344
CTSD,ENSG00000117984,0.0,	59.5459633623573,cell_T,GSE157344
FKBP5,ENSG00000096060,0.0,	-26.9634358470216,cell_T,GSE157344
FOXP1,ENSG00000114861,0.0,	-15.1414364614158,cell_T,GSE157344
FTH1,ENSG00000167996,0.0,	480.989055949322,cell_T,GSE157344
FTL,ENSG00000087086,0.0,	509.660084529632,cell_T,GSE157344
FYN,ENSG00000010810,0.0,	-16.6658285422622,cell_T,GSE157344
GMDS,ENSG00000112699,	3.61300080362217e-242,	-19.9904137997405,cell_T,GSE157344
GNLY,ENSG00000115523,0.0,	314.938572563415,cell_T,GSE157344
GZMA,ENSG00000145649,0.0,	88.1924000896454,cell_T,GSE157344
GZMB,ENSG00000100453,0.0,	170.501803961981,cell_T,GSE157344
JUN,ENSG00000177606,0.0,	69.6380651080113,cell_T,GSE157344
LINC02694,ENSG00000175779,0.0,	-16.6613594286233,cell_T,GSE157344
LPP,ENSG00000145012,0.0,	-54.9638264287006,cell_T,GSE157344
LTB,ENSG00000227507,0.0,	188.750287962583,cell_T,GSE157344
MALAT1,ENSG00000251562,0.0,	429.052280665186,cell_T,GSE157344
MBNL1,ENSG00000152601,0.0,	-22.7940828475189,cell_T,GSE157344
MT-ATP6,ENSG00000198899,0.0,	178.022148672687,cell_T,GSE157344
MT-CO1,ENSG00000198804,0.0,	186.389285903732,cell_T,GSE157344
MT-CO2,ENSG00000198712,0.0,	166.824469468043,cell_T,GSE157344
MT-CO3,ENSG00000198938,0.0,	241.153044442745,cell_T,GSE157344
MT-CYB,ENSG00000198727,0.0,	149.672703525227,cell_T,GSE157344
MT-ND1,ENSG00000198888,0.0,	65.173797716105,cell_T,GSE157344
MT-ND2,ENSG00000198763,0.0,	98.1305648060875,cell_T,GSE157344
MT-ND3,ENSG00000198840,0.0,	133.296997422464,cell_T,GSE157344
MT-ND4,ENSG00000198886,0.0,	96.9051097012866,cell_T,GSE157344
MTRNR2L8,ENSG00000255823,0.0,	89.7138564152505,cell_T,GSE157344
NEAT1,ENSG00000245532,	0.0027641006162811,	231.366373258744,cell_T,GSE157344
NFKBIA,ENSG00000100906,0.0,	56.5832527338979,cell_T,GSE157344
NKG7,ENSG00000105374,0.0,	60.7397900939735,cell_T,GSE157344
PRKCH,ENSG00000027075,0.0,	-15.0966375617631,cell_T,GSE157344
RABGAP1L,ENSG00000152061,0.0,	-17.5432753389374,cell_T,GSE157344
RNF213,ENSG00000173821,	0.0465952000500768,	56.2316757677368,cell_T,GSE157344
RPL10,ENSG00000147403,0.0,	55.1789976936283,cell_T,GSE157344
RPL28,ENSG00000108107,0.0,	67.8882910561885,cell_T,GSE157344
RPS18,ENSG00000231500,0.0,	68.11202879399,cell_T,GSE157344
RPS27,ENSG00000177954,0.0,	66.5881817657558,cell_T,GSE157344
S100A11,ENSG00000163191,0.0,	63.8903583788612,cell_T,GSE157344
S100A6,ENSG00000197956,0.0,	63.6300192956882,cell_T,GSE157344
SAT1,ENSG00000130066,0.0,	65.6683173815823,cell_T,GSE157344
SMCHD1,ENSG00000101596,0.0,	-20.5282734742241,cell_T,GSE157344
SRGN,ENSG00000122862,0.0,	71.5830364859566,cell_T,GSE157344
THADA,ENSG00000115970,	2.83195776990043e-232,	-23.8418956507095,cell_T,GSE157344
THEMIS,ENSG00000172673,	2.15156162339067e-297,	-16.5539470156752,cell_T,GSE157344
TMEM131L,ENSG00000121210,0.0,	-21.5246891604925,cell_T,GSE157344
TMSB4X,ENSG00000205542,0.0,	77.2801927688523,cell_T,GSE157344
TOX,ENSG00000198846,0.0,	-28.5323838378117,cell_T,GSE157344
VIM,ENSG00000026025,0.0,	63.919788181843,cell_T,GSE157344
ZEB2,ENSG00000169554,	5.65432427800097e-26,	-15.1146166105385,cell_T,GSE157344
AC019117.1,AC019117.1,	1.08239714569266e-187,	-25.3581180331388,cell_Unknown,GSE157344
ADAM28,ENSG00000042980,	3.13262952725867e-37,	-19.988854874049,cell_Unknown,GSE157344
AGR2,ENSG00000106541,	8.37332126742674e-223,	152.735675932703,cell_Unknown,GSE157344
ALCAM,ENSG00000170017,	2.16258600261911e-86,	-31.7086861349377,cell_Unknown,GSE157344
ANK3,ENSG00000151150,	3.01474348846384e-190,	-35.2892171656876,cell_Unknown,GSE157344
ANKRD36C,ENSG00000174501,	2.80387866636244e-206,	-55.5873669456771,cell_Unknown,GSE157344
ARHGAP26,ENSG00000145819,	3.073500392725409e-230,	-17.5621357069193,cell_Unknown,GSE157344
BPIFA1,ENSG00000198183,	3.3365019663784604e-120,	455.69156333893,cell_Unknown,GSE157344
BPIFB1,ENSG00000125999,	7.85392949499632e-129,	624.032651894606,cell_Unknown,GSE157344
CAMK1D,ENSG00000183049,	1.76050069364801e-77,	-52.5455780515418,cell_Unknown,GSE157344
CEMIP,ENSG00000103888,	2.43435963555332e-162,	-49.8656593687104,cell_Unknown,GSE157344
CHST9,ENSG00000154080,	4.22855830874381e-07,	-40.4684681573496,cell_Unknown,GSE157344
CP,ENSG00000047457,	0.0113147120551011,	-22.1458510184361,cell_Unknown,GSE157344
CXCL8,ENSG00000169429,0.0,	315.107986840205,cell_Unknown,GSE157344
CYP3A5,ENSG00000106258,	9.48857639070851e-206,	-18.2599719370631,cell_Unknown,GSE157344
ERRFI1,ENSG00000116285,	7.007689693158279e-135,	-19.0805886018304,cell_Unknown,GSE157344
FAM155A,FAM155A,	1.4287822967634e-189,	-19.7779200258134,cell_Unknown,GSE157344
FER1L6,ENSG00000214814,	3.78106282856404e-184,	-17.046119461096,cell_Unknown,GSE157344
FOXN3,ENSG00000053254,	7.02461885736324e-63,	-17.1163452249629,cell_Unknown,GSE157344
FTH1,ENSG00000167996,0.0,	571.946411843832,cell_Unknown,GSE157344
FTL,ENSG00000087086,0.0,	745.977447799755,cell_Unknown,GSE157344
GMDS,ENSG00000112699,	3.4401988141636e-226,	-29.4317215797709,cell_Unknown,GSE157344
GPRC5A,ENSG00000013588,	3.2998353734738e-95,	-20.9219809175767,cell_Unknown,GSE157344
HBB,ENSG00000244734,	4.16759106359394e-220,	400.239808796407,cell_Unknown,GSE157344
IL1RAPL2,ENSG00000189108,	4.84825068566479e-121,	-35.4486317439799,cell_Unknown,GSE157344
KRT17,ENSG00000128422,	9.43830207558668e-93,	198.408365455735,cell_Unknown,GSE157344
LCN2,ENSG00000148346,0.0,	376.343710006085,cell_Unknown,GSE157344
LIMCH1,ENSG00000064042,	6.7127825904181e-165,	-29.2143650612624,cell_Unknown,GSE157344
LINC00342,ENSG00000232931,	1.39157548124479e-298,	-131.744772505135,cell_Unknown,GSE157344
LINC00511,ENSG00000227036,	1.9829152989777003e-248,	-18.4125025861556,cell_Unknown,GSE157344
MACROD2,ENSG00000172264,	7.17476898253077e-204,	-74.3925643679215,cell_Unknown,GSE157344
MBNL1,ENSG00000152601,	6.478656416480769e-126,	-20.3983636203162,cell_Unknown,GSE157344
MGAT5,ENSG00000152127,	1.79789679286793e-249,	-26.8473818229969,cell_Unknown,GSE157344
MSMB,ENSG00000263639,	3.3511945698866108e-149,inf,cell_Unknown,GSE157344
MT-ATP6,ENSG00000198899,0.0,	151.27236554064,cell_Unknown,GSE157344
MT-CO1,ENSG00000198804,0.0,	199.137255915022,cell_Unknown,GSE157344
MT-CO2,ENSG00000198712,0.0,	213.860297876082,cell_Unknown,GSE157344
MT-CO3,ENSG00000198938,0.0,	155.60943948824,cell_Unknown,GSE157344
MT-ND4,ENSG00000198886,0.0,	177.241616760215,cell_Unknown,GSE157344
MT2A,ENSG00000125148,	6.06179139176846e-165,	153.452308217338,cell_Unknown,GSE157344
MUC5AC,ENSG00000215182,	7.85625425292467e-13,	161.371737221875,cell_Unknown,GSE157344
MYO1E,ENSG00000157483,	2.9460067939496494e-232,	-19.6173906187909,cell_Unknown,GSE157344
NCKAP5,ENSG00000176771,	3.96605177832691e-180,	-37.0993146335413,cell_Unknown,GSE157344
NEAT1,ENSG00000245532,	0.0380021074426662,	268.131809757226,cell_Unknown,GSE157344
NEBL,ENSG00000078114,	5.02214103198474e-264,	-29.5276062311679,cell_Unknown,GSE157344
NEDD4L,ENSG00000049759,	9.83332671991038e-251,	-33.853086711813,cell_Unknown,GSE157344
PDE4D,ENSG00000113448,0.0,	-31.3433596568099,cell_Unknown,GSE157344
PELI1,ENSG00000197329,	4.4284844169454696e-27,	-26.0062288789949,cell_Unknown,GSE157344
PLAT,ENSG00000104368,	2.44048723136289e-88,	-17.2937769215886,cell_Unknown,GSE157344
PTPRN2,ENSG00000155093,	1.9742119775596202e-307,	-22.192664328135,cell_Unknown,GSE157344
RGS6,ENSG00000182732,	6.92526833664288e-260,	-30.4870815879084,cell_Unknown,GSE157344
RUNX1,ENSG00000159216,	1.29030717216879e-130,	-17.7729326402756,cell_Unknown,GSE157344
S100A2,ENSG00000196754,	3.79799900172025e-181,	214.114723645553,cell_Unknown,GSE157344
S100A8,ENSG00000143546,	5.809523397774529e-306,	170.862203094506,cell_Unknown,GSE157344
S100A9,ENSG00000163220,0.0,	296.376671629873,cell_Unknown,GSE157344
SCGB1A1,ENSG00000149021,	3.04406027203462e-215,inf,cell_Unknown,GSE157344
SCGB3A1,ENSG00000161055,	3.1636102292553e-100,inf,cell_Unknown,GSE157344
SDK1,ENSG00000146555,	1.03516692755077e-67,	-58.3848593271948,cell_Unknown,GSE157344
SERPINB3,ENSG00000057149,0.0,	235.193001779066,cell_Unknown,GSE157344
SLC4A4,ENSG00000080493,	1.03678921207303e-40,	-52.3346771046193,cell_Unknown,GSE157344
SLPI,ENSG00000124107,0.0,	680.569245229948,cell_Unknown,GSE157344
SOD2,ENSG00000112096,	9.847738742321769e-276,	140.23902545211,cell_Unknown,GSE157344
TFF3,ENSG00000160180,	7.23399147987701e-116,	464.594217544771,cell_Unknown,GSE157344
TOP1,ENSG00000198900,	3.56682074788641e-48,	-24.5742884286238,cell_Unknown,GSE157344
WFDC2,ENSG00000101443,0.0,	258.946697898116,cell_Unknown,GSE157344
